iceberg_id,prediction_time,horizon_hours,predicted_latitude,predicted_longitude,uncertainty_km
sa02,1978-09-30,6,-63.4277,-35.42739999999998,
sa02,1978-09-30,12,-63.4277,-35.42739999999998,
sa02,1978-09-30,24,-63.42635345458984,-35.43236541748047,25.75846078830957
sa02,1978-09-30,48,-63.42504119873047,-35.43981170654297,26.47446439176784
sa05,1978-10-02,6,-71.8145,-45.54660000000001,
sa05,1978-10-02,12,-71.8145,-45.54660000000001,
sa05,1978-10-02,24,-71.80913543701172,-45.65998840332031,25.75846078830957
sa05,1978-10-02,48,-71.80398559570312,-45.67030334472656,26.47446439176784
sa03,1978-10-02,6,-66.9689006533937,-58.3046836782521,
sa03,1978-10-02,12,-66.94350087308379,-58.29638468278284,
sa03,1978-10-02,24,-66.9230728149414,-58.12652587890625,25.75846078830957
sa03,1978-10-02,48,-66.86239624023438,-57.873634338378906,26.47446439176784
sa04,1978-10-02,6,-69.30025003549657,-56.68412044316142,
sa04,1978-10-02,12,-69.25150004754074,-56.686131807767936,
sa04,1978-10-02,24,-69.20791625976562,-56.59421920776367,25.75846078830957
sa04,1978-10-02,48,-69.09053802490234,-56.53739929199219,26.47446439176784
sa06,1978-10-02,6,-76.2843,-40.10039999999998,
sa06,1978-10-02,12,-76.2843,-40.10039999999998,
sa06,1978-10-02,24,-76.28295135498047,-40.10536575317383,25.75846078830957
sa06,1978-10-02,48,-76.2816390991211,-40.11281204223633,26.47446439176784
sa07,1978-10-02,6,-75.3482,-31.397699999999983,
sa07,1978-10-02,12,-75.3482,-31.397699999999983,
sa07,1978-10-02,24,-75.34684753417969,-31.402666091918945,25.75846078830957
sa07,1978-10-02,48,-75.34553527832031,-31.410112380981445,26.47446439176784
d02,1978-10-02,6,-65.51460000000002,81.293,
d02,1978-10-02,12,-65.51460000000002,81.293,
d02,1978-10-02,24,-65.51099395751953,81.36215209960938,25.75846078830957
d02,1978-10-02,48,-65.50255584716797,81.29443359375,26.47446439176784
d03,1979-04-29,6,-64.60000237210735,77.99642857703361,
d03,1979-04-29,12,-64.60000465795646,77.99285715345593,
d03,1979-04-29,24,-64.6156005859375,79.6843490600586,25.75846078830957
d03,1979-04-29,48,-64.61447143554688,85.77238464355469,26.47446439176784
a01,1979-05-06,6,-50.19589859823722,-26.28423931677287,
a01,1979-05-06,12,-50.1917950647054,-26.26848134182933,
a01,1979-05-06,24,-50.189414978027344,-26.31381225585937,25.75846078830957
a01,1979-05-06,48,-50.188079833984375,-26.11604118347168,26.47446439176784
a03,1979-06-17,6,-59.5,-44.5,
a03,1979-06-17,12,-59.5,-44.5,
a03,1979-06-17,24,-59.49008560180664,-44.47490692138672,25.75846078830957
a03,1979-06-17,48,-59.46732711791992,-44.37828063964844,26.47446439176784
a02,1979-10-21,6,-54.51227740659209,-32.75312570795438,
a02,1979-10-21,12,-54.4245367640075,-32.706452323183385,
a02,1979-10-21,24,-54.37590408325195,-32.77320098876953,25.75846078830957
a02,1979-10-21,48,-54.23669052124024,-32.67987060546875,26.47446439176784
a04,1979-10-21,6,,,
a04,1979-10-21,12,,,
a04,1979-10-21,24,,,
a04,1979-10-21,48,,,
a05,1979-11-04,6,-60.78928012030281,-51.02141782647448,
a05,1979-11-04,12,-60.77855683254117,-51.04282132162996,
a05,1979-11-04,24,-60.76488494873047,-50.97914505004883,25.75846078830957
a05,1979-11-04,48,-60.72895431518555,-51.32865524291992,26.47446439176784
a07,1979-11-11,6,,,
a07,1979-11-11,12,,,
a07,1979-11-11,24,,,
a07,1979-11-11,48,,,
d04,1979-12-09,6,-55.47369042353394,83.98571595456588,
d04,1979-12-09,12,-55.44737918643098,83.97145096527152,
d04,1979-12-09,24,-55.41393661499024,83.93416595458984,25.75846078830957
d04,1979-12-09,48,-55.40791320800781,82.96222686767578,26.47446439176784
d05,1979-12-16,6,,,
d05,1979-12-16,12,,,
d05,1979-12-16,24,,,
d05,1979-12-16,48,,,
c04,1979-12-23,6,,,
c04,1979-12-23,12,,,
c04,1979-12-23,24,,,
c04,1979-12-23,48,,,
a06,1980-01-13,6,-61.595423260174215,-53.40459119994745,
a06,1980-01-13,12,-61.59084636645498,-53.40918104378369,
a06,1980-01-13,24,-61.59431457519531,-47.93036651611328,25.75846078830957
a06,1980-01-13,48,-61.53099060058594,-52.61771011352539,26.47446439176784
a09,1980-01-13,6,,,
a09,1980-01-13,12,,,
a09,1980-01-13,24,,,
a09,1980-01-13,48,,,
a08,1980-02-03,6,-49.48956133716206,-28.95094357822802,
a08,1980-02-03,12,-49.47910193957745,-28.901908094078408,
a08,1980-02-03,24,-49.45233917236328,-28.967113494873047,25.75846078830957
a08,1980-02-03,48,-49.43901062011719,-28.638750076293945,26.47446439176784
a10,1980-02-10,6,,,
a10,1980-02-10,12,,,
a10,1980-02-10,24,,,
a10,1980-02-10,48,,,
d06,1980-05-11,6,,,
d06,1980-05-11,12,,,
d06,1980-05-11,24,,,
d06,1980-05-11,48,,,
a11,1980-05-18,6,-70.48036923826194,-44.30892038816614,
a11,1980-05-18,12,-70.46073803999353,-44.31782355002531,
a11,1980-05-18,24,-70.4214743391248,-44.335578400836766,25.75846078830957
a11,1980-05-18,48,-70.34294175658125,-44.37088364158132,26.47446439176784
a12,1980-09-28,6,-66.59999999999998,-60.19999999999999,
a12,1980-09-28,12,-66.59999999999998,-60.19999999999999,
a12,1980-09-28,24,-66.59864807128906,-60.2049674987793,25.75846078830957
a12,1980-09-28,48,-66.59733581542969,-60.2124137878418,26.47446439176784
a14,1981-01-25,6,-72.29999999999998,-36.0,
a14,1981-01-25,12,-72.29999999999998,-36.0,
a14,1981-01-25,24,-72.29999999999998,-36.0,25.75846078830957
a14,1981-01-25,48,-72.29999999999998,-36.0,26.47446439176784
a13,1981-01-25,6,-73.8,-38.5,
a13,1981-01-25,12,-73.8,-38.5,
a13,1981-01-25,24,-73.7807846069336,-38.60713958740234,25.75846078830957
a13,1981-01-25,48,-73.76708221435547,-38.52571868896485,26.47446439176784
a15,1981-08-02,6,-66.09792222785923,-53.84787101284837,
a15,1981-08-02,12,-66.09582964235743,-53.89573416420296,
a15,1981-08-02,24,-66.09270477294922,-52.30141830444336,25.75846078830957
a15,1981-08-02,48,-66.08268737792969,-52.78461837768555,26.47446439176784
a16,1982-05-16,6,-55.300797925740746,-37.1878580952436,
a16,1982-05-16,12,-55.30159464717399,-37.17571570242762,
a16,1982-05-16,24,-55.25997924804688,-34.670143127441406,25.75846078830957
a16,1982-05-16,48,-55.28550338745117,-38.4349365234375,26.47446439176784
c01,1982-12-05,6,-65.19991503350622,111.59980753339936,
c01,1982-12-05,12,-65.19983006676622,111.59961506803415,
c01,1982-12-05,24,-65.22648620605469,111.52047729492188,25.75846078830957
c01,1982-12-05,48,-65.19813537597656,111.33480072021484,26.47446439176784
d07,1983-02-06,6,,,
d07,1983-02-06,12,,,
d07,1983-02-06,24,,,
d07,1983-02-06,48,,,
c03,1983-02-27,6,-67.4,147.60000000000002,
c03,1983-02-27,12,-67.4,147.60000000000002,
c03,1983-02-27,24,-67.4,147.60000000000002,25.75846078830957
c03,1983-02-27,48,-67.4,147.60000000000002,26.47446439176784
a17,1983-05-29,6,-60.955595260629735,-49.166112905474506,
a17,1983-05-29,12,-60.91118203836308,-49.1323202738896,
a17,1983-05-29,24,-60.89013671875,-50.21840286254883,25.75846078830957
a17,1983-05-29,48,-60.88536071777344,-47.573524475097656,26.47446439176784
b03,1983-09-11,6,-68.88332052512308,-177.82943312068647,
b03,1983-09-11,12,-68.8666359764552,-177.8588218958423,
b03,1983-09-11,24,-68.89330291748047,-175.61871337890625,25.75846078830957
b03,1983-09-11,48,-68.89578247070312,-175.10260009765625,26.47446439176784
a19,1984-06-10,6,-67.29153792446779,-58.70535589586166,
a19,1984-06-10,12,-67.28307567076853,-58.71070801260663,
a19,1984-06-10,24,-67.23529815673828,-57.931095123291016,25.75846078830957
a19,1984-06-10,48,-67.2313461303711,-58.84552001953125,26.47446439176784
b04,1985-02-24,6,-60.3956688092426,-37.78214776108507,
b04,1985-02-24,12,-60.3913352299635,-37.76430027315973,
b04,1985-02-24,24,-60.35600662231445,-37.74158477783203,25.75846078830957
b04,1985-02-24,48,-60.35195159912109,-37.70821762084961,26.47446439176784
b02,1985-12-29,6,-61.98955080073805,-163.17918065158506,
b02,1985-12-29,12,-61.97909846700088,-163.15837557594222,
b02,1985-12-29,24,-61.96479034423828,-165.69908142089844,25.75846078830957
b02,1985-12-29,48,-61.92119598388672,-163.45909118652344,26.47446439176784
b01,1986-02-02,6,-59.79699829832632,-46.99242515117578,
b01,1986-02-02,12,-59.79399616133124,-46.98485166585289,
b01,1986-02-02,24,-59.764381408691406,-46.44500350952149,25.75846078830957
b01,1986-02-02,48,-59.72824478149414,-46.89820861816406,26.47446439176784
a20,1986-08-17,6,-65.30008768009938,-55.982144481144246,
a20,1986-08-17,12,-65.30017324772636,-55.96428884490388,
a20,1986-08-17,24,-65.32418823242188,-55.86802291870117,25.75846078830957
a20,1986-08-17,48,-65.28008270263672,-57.64503860473633,26.47446439176784
a21,1986-12-14,6,-66.79702455925388,-59.20119034502392,
a21,1986-12-14,12,-66.79404910955469,-59.20238040166822,
a21,1986-12-14,24,-66.9596939086914,-59.495235443115234,25.75846078830957
a21,1986-12-14,48,-66.92510223388672,-60.72045135498047,26.47446439176784
b05,1987-12-06,6,-72.09702651420868,-112.50357085135909,
b05,1987-12-06,12,-72.09405296333873,-112.50714055558916,
b05,1987-12-06,24,-72.07938385009766,-113.40126037597656,25.75846078830957
b05,1987-12-06,48,-72.0684814453125,-115.18953704833984,26.47446439176784
a21a,1988-01-03,6,-58.20000110319016,-45.00969999979918,
a21a,1988-01-03,12,-58.20000147092021,-45.01940000000002,
a21a,1988-01-03,24,-58.19886779785156,-44.908599853515625,25.75846078830957
a21a,1988-01-03,48,-58.197662353515625,-44.95212936401367,26.47446439176784
a20b,1988-02-07,6,-46.30022092977232,-22.26964506209856,
a20b,1988-02-07,12,-46.3004338268349,-22.239289883681863,
a20b,1988-02-07,24,-46.31623458862305,-22.206863403320312,25.75846078830957
a20b,1988-02-07,48,-46.26642227172852,-24.00724983215332,26.47446439176784
a20a,1988-03-27,6,-51.888045269191984,-29.95180849199028,
a20a,1988-03-27,12,-51.87607086491202,-29.90364263479125,
a20a,1988-03-27,24,-51.85549545288086,-29.97322654724121,25.75846078830957
a20a,1988-03-27,48,-51.84434509277344,-29.64734268188477,26.47446439176784
a26,1988-04-17,6,-59.49143111099156,-46.14529423583849,
a26,1988-04-17,12,-59.48283938786967,-46.090616271101794,
a26,1988-04-17,24,-59.456016540527344,-46.321510314941406,25.75846078830957
a26,1988-04-17,48,-59.44265365600586,-45.97628402709961,26.47446439176784
b07,1989-01-08,6,-73.6989823919812,-121.02975141040788,
b07,1989-01-08,12,-73.69796062257801,-121.0594991998894,
b07,1989-01-08,24,-73.66250610351562,-121.97409057617188,25.75846078830957
b07,1989-01-08,48,-73.69766235351562,-120.36038208007812,26.47446439176784
b09,1989-07-30,6,-71.28265095041293,-170.8411504740161,
b09,1989-07-30,12,-71.26528356256631,-170.78240609571503,
b09,1989-07-30,24,-71.285888671875,-172.3990936279297,25.75846078830957
b09,1989-07-30,48,-71.29151916503906,-171.6957550048828,26.47446439176784
c02,1990-02-04,6,-52.50000000000001,-42.5,
c02,1990-02-04,12,-52.50000000000001,-42.5,
c02,1990-02-04,24,-52.48419189453125,-42.3649787902832,25.75846078830957
c02,1990-02-04,48,-52.4898567199707,-42.639835357666016,26.47446439176784
a25,1990-03-25,6,-57.990766190679714,-40.47025165085694,
a25,1990-03-25,12,-57.9815254426683,-40.44051864284245,
a25,1990-03-25,24,-57.96553039550781,-41.427921295166016,25.75846078830957
a25,1990-03-25,48,-57.96013259887695,-41.11128234863281,26.47446439176784
b08,1990-06-17,6,-72.69998533280956,-119.8149123505828,
b08,1990-06-17,12,-72.6999695636536,-119.82982467573214,
b08,1990-06-17,24,-72.6647720336914,-137.81646728515625,25.75846078830957
b08,1990-06-17,48,-72.68933868408203,-178.47193908691406,26.47446439176784
b05a,1990-09-16,6,-72.6,-117.8,
b05a,1990-09-16,12,-72.6,-117.8,
b05a,1990-09-16,24,-72.59391784667969,-117.88087463378906,25.75846078830957
b05a,1990-09-16,48,-72.58271026611328,-117.88155364990234,26.47446439176784
a30,1991-05-12,6,-72.98571471488326,-35.39821568360708,
a30,1991-05-12,12,-72.97142941424383,-35.396434272497686,
a30,1991-05-12,24,-73.17233276367188,-35.537811279296875,25.75846078830957
a30,1991-05-12,48,-72.91129302978516,-36.83679962158203,26.47446439176784
b06,1991-06-23,6,-63.39839522808399,-146.28573563891007,
b06,1991-06-23,12,-63.39678903446632,-146.2714728739884,
b06,1991-06-23,24,-63.40704727172852,-145.50186157226562,25.75846078830957
b06,1991-06-23,48,-63.36376190185547,-145.5070037841797,26.47446439176784
b07a,1991-11-10,6,-75.6,-161.8,
b07a,1991-11-10,12,-75.6,-161.8,
b07a,1991-11-10,24,-75.59015655517578,-161.96937561035156,25.75846078830957
b07a,1991-11-10,48,-75.58402252197266,-162.0331573486328,26.47446439176784
a23,1991-12-01,6,-76.70299881580928,-42.70833450076191,
a23,1991-12-01,12,-76.70599736012946,-42.71667269372824,
a23,1991-12-01,24,-76.60528564453125,-42.68247985839844,25.75846078830957
a23,1991-12-01,48,-76.56520080566406,-42.83629989624024,26.47446439176784
b07b,1992-02-20,6,-70.0640206658516,-175.38463619109837,
b07b,1992-02-20,12,-70.06872754216793,-175.4342949048111,
b07b,1992-02-20,24,-70.07830047607422,-175.4843292236328,25.75846078830957
b07b,1992-02-20,48,-70.09109497070312,-175.90660095214844,26.47446439176784
a24,1992-03-08,6,-50.68500000000001,-47.0,
a24,1992-03-08,12,-50.67000000000001,-47.0,
a24,1992-03-08,24,-50.61205673217773,-43.127052307128906,25.75846078830957
a24,1992-03-08,48,-50.63894271850586,-38.52259826660156,26.47446439176784
a24d,1992-05-17,6,-49.1,-54.39999999999998,
a24d,1992-05-17,12,-49.1,-54.39999999999998,
a24d,1992-05-17,24,-49.09865188598633,-54.40496826171875,25.75846078830957
a24d,1992-05-17,48,-49.09733963012695,-54.41241455078125,26.47446439176784
a24c,1992-05-17,6,-49.3,-54.5,
a24c,1992-05-17,12,-49.3,-54.5,
a24c,1992-05-17,24,-49.29865264892578,-54.50496673583984,25.75846078830957
a24c,1992-05-17,48,-49.297340393066406,-54.51241302490234,26.47446439176784
a24a,1992-05-17,6,-49.3,-54.60000000000002,
a24a,1992-05-17,12,-49.3,-54.60000000000002,
a24a,1992-05-17,24,-49.29865264892578,-54.60496520996094,25.75846078830957
a24a,1992-05-17,48,-49.297340393066406,-54.61241149902344,26.47446439176784
a24b,1992-05-17,6,-49.3,-54.5,
a24b,1992-05-17,12,-49.3,-54.5,
a24b,1992-05-17,24,-49.29865264892578,-54.50496673583984,25.75846078830957
a24b,1992-05-17,48,-49.297340393066406,-54.51241302490234,26.47446439176784
a29,1992-08-03,6,-55.949200000000005,-38.2516,
a29,1992-08-03,12,-55.949200000000005,-38.2516,
a29,1992-08-03,24,-55.947853088378906,-38.25656509399414,25.75846078830957
a29,1992-08-03,48,-55.94654083251953,-38.26401138305664,26.47446439176784
a31,1992-08-24,6,-57.6754,-52.92840000000001,
a31,1992-08-24,12,-57.6754,-52.92840000000001,
a31,1992-08-24,24,-57.67405319213867,-52.93336486816406,25.75846078830957
a31,1992-08-24,48,-57.6727409362793,-52.94081115722656,26.47446439176784
c07,1992-10-11,6,-58.1126,-44.88389999999998,
c07,1992-10-11,12,-58.1126,-44.88389999999998,
c07,1992-10-11,24,-58.11125183105469,-44.88886642456055,25.75846078830957
c07,1992-10-11,48,-58.10993957519531,-44.89631271362305,26.47446439176784
e01,1992-11-28,6,-72.5154,-109.8859,
e01,1992-11-28,12,-72.5154,-109.8859,
e01,1992-11-28,24,-72.51405334472656,-109.890869140625,25.75846078830957
e01,1992-11-28,48,-72.51274108886719,-109.8983154296875,26.47446439176784
a28,1992-11-29,6,-57.28929323188407,-44.29523931274616,
a28,1992-11-29,12,-57.27858628401149,-44.290481395027655,
a28,1992-11-29,24,-57.28312301635742,-44.6790885925293,25.75846078830957
a28,1992-11-29,48,-57.29548645019531,-44.39425659179688,26.47446439176784
e04,1992-12-19,6,-65.463,136.96849999999995,
e04,1992-12-19,12,-65.463,136.96849999999995,
e04,1992-12-19,24,-65.4616470336914,136.9635467529297,25.75846078830957
e04,1992-12-19,48,-65.46033477783203,136.95608520507812,26.47446439176784
e02,1992-12-22,6,-67.4821,-147.88850000000002,
e02,1992-12-22,12,-67.4821,-147.88850000000002,
e02,1992-12-22,24,-67.48075103759766,-147.89346313476562,25.75846078830957
e02,1992-12-22,48,-67.47943878173828,-147.9009246826172,26.47446439176784
e06,1993-01-02,6,-69.36484804482413,26.901627962320845,
e06,1993-01-02,12,-69.44638229671023,26.48036446843446,
e06,1993-01-02,24,-69.24488067626953,26.988887786865234,25.75846078830957
e06,1993-01-02,48,-69.3903579711914,26.310251235961918,26.47446439176784
e12,1993-08-01,6,-66.8047,-179.6948,
e12,1993-08-01,12,-66.8047,-179.6948,
e12,1993-08-01,24,-66.80335235595703,-179.6997528076172,25.75846078830957
e12,1993-08-01,48,-66.80204010009766,-179.70721435546875,26.47446439176784
e11,1993-10-30,6,-66.6468,-161.0288,
e11,1993-10-30,12,-66.6468,-161.0288,
e11,1993-10-30,24,-66.64544677734375,-161.03375244140625,25.75846078830957
e11,1993-10-30,48,-66.64413452148438,-161.0412139892578,26.47446439176784
c06,1993-11-17,6,-58.131346057809154,93.85320139376472,
c06,1993-11-17,12,-58.11796146968292,93.91575581277732,
c06,1993-11-17,24,-58.10917282104492,94.29579162597656,25.75846078830957
c06,1993-11-17,48,-58.05929946899414,94.30521392822266,26.47446439176784
e05,1993-12-17,6,-67.8858,78.50559999999996,
e05,1993-12-17,12,-67.8858,78.50559999999996,
e05,1993-12-17,24,-67.88445281982422,78.5006332397461,25.75846078830957
e05,1993-12-17,48,-67.88314056396484,78.4931869506836,26.47446439176784
a22,1994-02-08,6,-76.6391,-45.05959999999999,
a22,1994-02-08,12,-76.6391,-45.05959999999999,
a22,1994-02-08,24,-76.63774871826172,-45.06456756591797,25.75846078830957
a22,1994-02-08,48,-76.63643646240234,-45.07201385498047,26.47446439176784
a33,1994-07-10,6,-61.4,-51.19999999999999,
a33,1994-07-10,12,-61.4,-51.19999999999999,
a33,1994-07-10,24,-61.4,-51.19999999999999,25.75846078830957
a33,1994-07-10,48,-61.4,-51.19999999999999,26.47446439176784
e07,1995-01-09,6,-65.2976002126308,52.43117619317036,
e07,1995-01-09,12,-65.29080028366565,52.42655477161111,
e07,1995-01-09,24,-65.28333282470703,52.48376083374024,25.75846078830957
e07,1995-01-09,48,-65.26403045654297,52.85042190551758,26.47446439176784
d09,1995-03-05,6,,,
d09,1995-03-05,12,,,
d09,1995-03-05,24,,,
d09,1995-03-05,48,,,
d08,1995-04-09,6,,,
d08,1995-04-09,12,,,
d08,1995-04-09,24,,,
d08,1995-04-09,48,,,
a32,1995-05-24,6,-66.87883035575847,-58.60350834475236,
a32,1995-05-24,12,-66.87025714624335,-58.57973335555442,
a32,1995-05-24,24,-66.85990142822266,-58.68745040893555,25.75846078830957
a32,1995-05-24,48,-66.83299255371094,-58.55826950073242,26.47446439176784
a32b,1995-05-28,6,,,
a32b,1995-05-28,12,,,
a32b,1995-05-28,24,,,
a32b,1995-05-28,48,,,
e09,1995-08-19,6,-64.98220000000002,-57.05599999999998,
e09,1995-08-19,12,-64.98220000000002,-57.05599999999998,
e09,1995-08-19,24,-64.98085021972656,-57.06096649169922,25.75846078830957
e09,1995-08-19,48,-64.97953796386719,-57.06841278076172,26.47446439176784
b10,1995-09-15,6,-71.8501,-124.94920000000002,
b10,1995-09-15,12,-71.8501,-124.94920000000002,
b10,1995-09-15,24,-71.84874725341797,-124.95417022705078,25.75846078830957
b10,1995-09-15,48,-71.8474349975586,-124.96161651611328,26.47446439176784
c05,1995-10-29,6,-65.6,52.5,
c05,1995-10-29,12,-65.6,52.5,
c05,1995-10-29,24,-65.59864807128906,52.49503326416016,25.75846078830957
c05,1995-10-29,48,-65.59733581542969,52.487586975097656,26.47446439176784
e08,1995-12-05,6,-66.1469,49.1576,
e08,1995-12-05,12,-66.1469,49.1576,
e08,1995-12-05,24,-66.14554595947266,49.15263366699219,25.75846078830957
e08,1995-12-05,48,-66.14423370361328,49.14518737792969,26.47446439176784
a32a,1995-12-11,6,-54.70853131103497,-50.283888259306536,
a32a,1995-12-11,12,-54.6874584270861,-50.30645305877789,
a32a,1995-12-11,24,-54.659969329833984,-50.363800048828125,25.75846078830957
a32a,1995-12-11,48,-54.61163330078125,-50.39725112915039,26.47446439176784
b11,1995-12-30,6,-71.92189999999998,-121.37,
b11,1995-12-30,12,-71.92189999999998,-121.37,
b11,1995-12-30,24,-71.92054748535156,-121.37496948242188,25.75846078830957
b11,1995-12-30,48,-71.91923522949219,-121.38241577148438,26.47446439176784
d10,1996-04-14,6,-69.09999999999998,75.0,
d10,1996-04-14,12,-69.09999999999998,75.0,
d10,1996-04-14,24,-69.09999999999998,75.0,25.75846078830957
d10,1996-04-14,48,-69.09999999999998,75.0,26.47446439176784
a34,1996-09-29,6,-72.2,-16.899999999999977,
a34,1996-09-29,12,-72.2,-16.899999999999977,
a34,1996-09-29,24,-72.2,-16.899999999999977,25.75846078830957
a34,1996-09-29,48,-72.2,-16.899999999999977,26.47446439176784
e13,1996-11-23,6,-66.27587666130422,-121.17568027741214,
e13,1996-11-23,12,-66.26575221695623,-121.16257110049338,
e13,1996-11-23,24,-66.25248718261719,-121.16564178466795,25.75846078830957
e13,1996-11-23,48,-66.22870635986328,-121.0621109008789,26.47446439176784
e21,1997-03-22,6,-66.0981,60.97090000000003,
e21,1997-03-22,12,-66.0981,60.97090000000003,
e21,1997-03-22,24,-66.09674835205078,60.96593475341797,25.75846078830957
e21,1997-03-22,48,-66.0954360961914,60.95848846435547,26.47446439176784
c13,1997-04-20,6,-74.02700021431195,168.5035500798091,
c13,1997-04-20,12,-74.02399786869917,168.52709154229603,
c13,1997-04-20,24,-74.01798550347463,168.57414860537972,25.75846078830957
c13,1997-04-20,48,-74.00593011746432,168.66815921523846,26.47446439176784
d13,1997-05-04,6,-66.50297401175452,48.78335282197099,
d13,1997-05-04,12,-66.50594625455021,48.766701669528175,
d13,1997-05-04,24,-66.51470184326172,48.48976135253906,25.75846078830957
d13,1997-05-04,48,-66.52433776855469,47.91494369506836,26.47446439176784
b10b,1997-10-21,6,-67.35182345151728,166.04738789955627,
b10b,1997-10-21,12,-67.34169802150853,165.95865081735258,
b10b,1997-10-21,24,-67.3322525024414,166.2490234375,25.75846078830957
b10b,1997-10-21,48,-67.30757904052734,167.2622833251953,26.47446439176784
b12,1997-11-20,6,-71.0409,-159.17489999999998,
b12,1997-11-20,12,-71.0409,-159.17489999999998,
b12,1997-11-20,24,-71.03955078125,-159.1798553466797,25.75846078830957
b12,1997-11-20,48,-71.03823852539062,-159.18731689453125,26.47446439176784
b13,1997-12-17,6,-68.9306,-159.6535,
b13,1997-12-17,12,-68.9306,-159.6535,
b13,1997-12-17,24,-68.92925262451172,-159.65846252441406,25.75846078830957
b13,1997-12-17,48,-68.92794036865234,-159.66592407226562,26.47446439176784
e10,1998-01-27,6,-72.92070000000001,-176.4672,
e10,1998-01-27,12,-72.92070000000001,-176.4672,
e10,1998-01-27,24,-72.91934967041016,-176.47215270996094,25.75846078830957
e10,1998-01-27,48,-72.91803741455078,-176.4796142578125,26.47446439176784
d12,1998-06-28,6,-69.60067218871997,17.61197246824065,
d12,1998-06-28,12,-69.60134356006157,17.623945691443396,
d12,1998-06-28,24,-69.54139709472656,11.173465728759766,25.75846078830957
d12,1998-06-28,48,-69.52843475341797,17.479713439941406,26.47446439176784
a37,1998-08-02,6,-69.57857595271071,-60.80535213185806,
a37,1998-08-02,12,-69.55715174226751,-60.81069352425976,
a37,1998-08-02,24,-69.80374908447266,-61.21477508544922,25.75846078830957
a37,1998-08-02,48,-69.6453857421875,-60.93861389160156,26.47446439176784
a35,1998-09-30,6,-76.25747844285765,-38.90696166423811,
a35,1998-09-30,12,-76.24965459510247,-38.93079670057796,
a35,1998-09-30,24,-76.24357604980469,-39.036277770996094,25.75846078830957
a35,1998-09-30,48,-76.2178955078125,-39.4361686706543,26.47446439176784
a36,1998-10-09,6,-68.4949,-59.89409999999998,
a36,1998-10-09,12,-68.4949,-59.89409999999998,
a36,1998-10-09,24,-68.4935531616211,-59.89906692504883,25.75846078830957
a36,1998-10-09,48,-68.49224090576172,-59.90651321411133,26.47446439176784
a38,1998-10-11,6,,,
a38,1998-10-11,12,,,
a38,1998-10-11,24,,,
a38,1998-10-11,48,,,
e15,1998-12-11,6,-61.92421300035748,74.16975745998911,
e15,1998-12-11,12,-61.90871735426702,74.20427990461621,
e15,1998-12-11,24,-61.88992691040039,74.15595245361328,25.75846078830957
e15,1998-12-11,48,-61.8423957824707,74.45391845703125,26.47446439176784
e14,1998-12-26,6,-74.45592151881246,179.4659192844946,
e14,1998-12-26,12,-74.45432869707636,179.52232734324014,
e14,1998-12-26,24,-74.45308685302734,179.1122589111328,25.75846078830957
e14,1998-12-26,48,-74.44717407226562,179.13775634765625,26.47446439176784
e19,1999-08-31,6,-65.3936,152.31330000000003,
e19,1999-08-31,12,-65.3936,152.31330000000003,
e19,1999-08-31,24,-65.39225006103516,152.30833435058594,25.75846078830957
e19,1999-08-31,48,-65.39093780517578,152.30087280273438,26.47446439176784
e17,1999-10-21,6,-65.1284,149.90790000000004,
e17,1999-10-21,12,-65.1284,149.90790000000004,
e17,1999-10-21,24,-65.1270523071289,149.90293884277344,25.75846078830957
e17,1999-10-21,48,-65.12574005126953,149.89547729492188,26.47446439176784
e16,1999-10-21,6,-65.839,170.36349999999993,
e16,1999-10-21,12,-65.839,170.36349999999993,
e16,1999-10-21,24,-65.837646484375,170.35853576660156,25.75846078830957
e16,1999-10-21,48,-65.83633422851562,170.35107421875,26.47446439176784
e20,1999-11-08,6,-60.787375004015615,-36.19440016149929,
e20,1999-11-08,12,-60.7787500053576,-36.1938006458775,
e20,1999-11-08,24,-60.77138519287109,-36.2022819519043,25.75846078830957
e20,1999-11-08,48,-60.74369812011719,-36.18671798706055,26.47446439176784
a23b,1999-11-09,6,-60.12060000000001,-32.065,
a23b,1999-11-09,12,-60.12060000000001,-32.065,
a23b,1999-11-09,24,-60.09927749633789,-31.98673439025879,25.75846078830957
a23b,1999-11-09,48,-60.08211135864258,-31.482088088989254,26.47446439176784
e18,1999-12-23,6,-67.7458,-166.92880000000002,
e18,1999-12-23,12,-67.7458,-166.92880000000002,
e18,1999-12-23,24,-67.74444580078125,-166.9337615966797,25.75846078830957
e18,1999-12-23,48,-67.74313354492188,-166.94122314453125,26.47446439176784
b10a,2000-02-27,6,-51.19406852727487,-34.51798747402063,
b10a,2000-02-27,12,-51.1880797400888,-34.43599616229193,
b10a,2000-02-27,24,-51.17622756958008,-34.929256439208984,25.75846078830957
b10a,2000-02-27,48,-50.98883438110352,-32.86676025390625,26.47446439176784
b15,2000-05-03,6,-78.10640000000001,-173.7178,
b15,2000-05-03,12,-78.10640000000001,-173.7178,
b15,2000-05-03,24,-78.10504913330078,-173.72276306152344,25.75846078830957
b15,2000-05-03,48,-78.1037368774414,-173.730224609375,26.47446439176784
a22b,2000-09-17,6,-51.4,-39.30000000000001,
a22b,2000-09-17,12,-51.4,-39.30000000000001,
a22b,2000-09-17,24,-51.38480758666992,-39.37418746948242,25.75846078830957
a22b,2000-09-17,48,-51.38299560546875,-39.37356948852539,26.47446439176784
b20,2000-09-24,6,,,
b20,2000-09-24,12,,,
b20,2000-09-24,24,,,
b20,2000-09-24,48,,,
a35c,2000-11-12,6,-67.59999999999998,-58.10000000000002,
a35c,2000-11-12,12,-67.59999999999998,-58.10000000000002,
a35c,2000-11-12,24,-67.58558654785156,-57.9649772644043,25.75846078830957
a35c,2000-11-12,48,-67.58985900878906,-58.23983383178711,26.47446439176784
a35b,2000-11-12,6,-66.4,-55.39999999999998,
a35b,2000-11-12,12,-66.4,-55.39999999999998,
a35b,2000-11-12,24,-66.3755874633789,-54.66900634765625,25.75846078830957
a35b,2000-11-12,48,-66.35523223876953,-55.383888244628906,26.47446439176784
a35a,2000-11-12,6,-66.30006353826587,-55.90013237737935,
a35a,2000-11-12,12,-66.30012707641916,-55.90026475542754,
a35a,2000-11-12,24,-66.30396270751953,-55.74058151245117,25.75846078830957
a35a,2000-11-12,48,-66.30606079101562,-55.85919189453125,26.47446439176784
a39,2001-01-01,6,-65.39900065800332,-59.400999962254616,
a39,2001-01-01,12,-65.3980013094014,-59.40199984832577,
a39,2001-01-01,24,-65.3292236328125,-59.348411560058594,25.75846078830957
a39,2001-01-01,48,-65.29755401611328,-59.56209564208984,26.47446439176784
a41,2001-01-02,6,-67.0,-59.60000000000002,
a41,2001-01-02,12,-67.0,-59.60000000000002,
a41,2001-01-02,24,-66.9976806640625,-59.514766693115234,25.75846078830957
a41,2001-01-02,48,-66.99871826171875,-59.46355438232422,26.47446439176784
b17,2001-01-04,6,-73.38054236407714,178.75223892260317,
b17,2001-01-04,12,-73.37373988596813,178.6554546164184,
b17,2001-01-04,24,-73.37692260742188,179.75547790527344,25.75846078830957
b17,2001-01-04,48,-73.3675537109375,178.27783203125,26.47446439176784
b18,2001-01-07,6,-68.99382575696302,158.7359602838178,
b18,2001-01-07,12,-68.98762757432239,158.67195657092168,
b18,2001-01-07,24,-68.95398712158203,158.47915649414062,25.75846078830957
b18,2001-01-07,48,-68.95782470703125,158.25469970703125,26.47446439176784
a40,2001-05-06,6,-77.30000474746862,-48.99768920987947,
a40,2001-05-06,12,-77.30000947494965,-48.99537841806324,
a40,2001-05-06,24,-77.2876205444336,-48.460548400878906,25.75846078830957
a40,2001-05-06,48,-77.27889251708984,-49.35153198242188,26.47446439176784
a40a,2001-05-09,6,-77.36229999999999,-49.04250000000002,
a40a,2001-05-09,12,-77.36229999999999,-49.04250000000002,
a40a,2001-05-09,24,-77.36094665527344,-49.04746627807617,25.75846078830957
a40a,2001-05-09,48,-77.35963439941406,-49.05491256713867,26.47446439176784
b15e,2001-05-20,6,-69.09999999999998,158.39999999999998,
b15e,2001-05-20,12,-69.09999999999998,158.39999999999998,
b15e,2001-05-20,24,-69.09864807128906,158.39503479003906,25.75846078830957
b15e,2001-05-20,48,-69.09733581542969,158.3875732421875,26.47446439176784
b14a,2001-05-27,6,-66.30000407580243,178.40255099367494,
b14a,2001-05-27,12,-66.30000810980246,178.4051019881723,
b14a,2001-05-27,24,-66.29781341552734,170.889404296875,25.75846078830957
b14a,2001-05-27,48,-66.28810119628906,177.1068878173828,26.47446439176784
uk05,2001-07-14,6,-72.0891,-15.286100000000031,
uk05,2001-07-14,12,-72.0891,-15.286100000000031,
uk05,2001-07-14,24,-72.08902740478516,-15.22236442565918,25.75846078830957
uk05,2001-07-14,48,-72.08649444580078,-15.205724716186523,26.47446439176784
d11,2001-07-22,6,-54.602853453431656,-14.822732447380986,
d11,2001-07-22,12,-54.605702647637614,-14.845468079051784,
d11,2001-07-22,24,-54.61057662963867,-19.19485092163086,25.75846078830957
d11,2001-07-22,48,-54.64300155639648,-15.068195343017578,26.47446439176784
c11,2001-07-23,6,-64.75349999999999,96.77499999999998,
c11,2001-07-23,12,-64.75349999999999,96.77499999999998,
c11,2001-07-23,24,-64.75215148925781,96.77003479003906,25.75846078830957
c11,2001-07-23,48,-64.75083923339844,96.76258850097656,26.47446439176784
c12,2001-07-23,6,-64.7517,96.86900000000004,
c12,2001-07-23,12,-64.7517,96.86900000000004,
c12,2001-07-23,24,-64.75035095214844,96.8640365600586,25.75846078830957
c12,2001-07-23,48,-64.74903869628906,96.8565902709961,26.47446439176784
b14b,2001-10-14,6,-56.14705103640231,-152.20924928987915,
b14b,2001-10-14,12,-56.14410138215783,-152.2184971603019,
b14b,2001-10-14,24,-56.14108657836914,-152.20339965820312,25.75846078830957
b14b,2001-10-14,48,-56.13302612304688,-152.29022216796875,26.47446439176784
uk06,2001-10-21,6,-54.3978,-40.73939999999999,
uk06,2001-10-21,12,-54.3978,-40.73939999999999,
uk06,2001-10-21,24,-54.39645385742188,-40.74436569213867,25.75846078830957
uk06,2001-10-21,48,-54.3951416015625,-40.75181198120117,26.47446439176784
uk03,2001-10-25,6,-53.19,-44.99959999999999,
uk03,2001-10-25,12,-53.19,-44.99959999999999,
uk03,2001-10-25,24,-53.18865203857422,-45.00456619262695,25.75846078830957
uk03,2001-10-25,48,-53.18733978271485,-45.01201248168945,26.47446439176784
uk01,2001-10-30,6,-55.30409999999999,-35.67939999999999,
uk01,2001-10-30,12,-55.30409999999999,-35.67939999999999,
uk01,2001-10-30,24,-55.30275344848633,-35.68436813354492,25.75846078830957
uk01,2001-10-30,48,-55.30144119262695,-35.69181442260742,26.47446439176784
a44,2001-11-25,6,-68.20507426701342,-56.54442776590895,
a44,2001-11-25,12,-68.21013665236113,-56.58887519278994,
a44,2001-11-25,24,-68.1808853149414,-56.40312194824219,25.75846078830957
a44,2001-11-25,48,-68.17699432373047,-56.4253158569336,26.47446439176784
a22c,2001-12-02,6,-51.22396886051309,6.278558000085241,
a22c,2001-12-02,12,-51.24793379910321,6.257093658502299,
a22c,2001-12-02,24,-51.21784210205078,7.089825630187988,25.75846078830957
a22c,2001-12-02,48,-51.14719009399414,6.370018005371094,26.47446439176784
b14,2001-12-02,6,-55.18478698562031,-146.16664253930475,
b14,2001-12-02,12,-55.16956487509073,-146.13331054910748,
b14,2001-12-02,24,-55.15935516357422,-164.13845825195312,25.75846078830957
b14,2001-12-02,48,-55.1420783996582,-154.21185302734375,26.47446439176784
uk07,2001-12-31,6,-52.611578977858464,-42.55895230448402,
uk07,2001-12-31,12,-52.59083869249437,-42.60675932033121,
uk07,2001-12-31,24,-52.59483337402344,-42.53878021240234,25.75846078830957
uk07,2001-12-31,48,-52.53317642211914,-42.121543884277344,26.47446439176784
uk04,2002-01-04,6,-52.6267,-42.349800000000016,
uk04,2002-01-04,12,-52.6267,-42.349800000000016,
uk04,2002-01-04,24,-52.6253547668457,-42.354766845703125,25.75846078830957
uk04,2002-01-04,48,-52.62404251098633,-42.362213134765625,26.47446439176784
a43h,2002-01-13,6,-67.70203740498722,-55.39970716122224,
a43h,2002-01-13,12,-67.70407480944894,-55.39941427165502,
a43h,2002-01-13,24,-67.56450653076172,-55.72914123535156,25.75846078830957
a43h,2002-01-13,48,-67.50980377197266,-55.73168182373047,26.47446439176784
uk08,2002-01-16,6,-58.16229490235842,-46.06133576652513,
uk08,2002-01-16,12,-58.055345442341896,-45.92588778453273,
uk08,2002-01-16,24,-58.34170913696289,-46.46733856201172,25.75846078830957
uk08,2002-01-16,48,-58.27947616577149,-46.33185958862305,26.47446439176784
a38g,2002-01-18,6,-65.2689499663423,-56.003821091803616,
a38g,2002-01-18,12,-65.28008325809245,-56.05398452166645,
a38g,2002-01-18,24,-65.30229972734567,-56.15443837105408,25.75846078830957
a38g,2002-01-18,48,-65.34653157520177,-56.35585384331733,26.47446439176784
b21,2002-01-27,6,-74.70173960829986,-103.40452385051192,
b21,2002-01-27,12,-74.70136947859433,-103.45134551853454,
b21,2002-01-27,24,-74.69981384277344,-103.59923553466795,25.75846078830957
b21,2002-01-27,48,-74.69527435302734,-103.68463897705078,26.47446439176784
uk02,2002-02-14,6,-77.24179999999998,-34.48199999999997,
uk02,2002-02-14,12,-77.24179999999998,-34.48199999999997,
uk02,2002-02-14,24,-77.24044799804688,-34.48696517944336,25.75846078830957
uk02,2002-02-14,48,-77.2391357421875,-34.49441146850586,26.47446439176784
a45,2002-03-11,6,-69.2084,-58.53070000000002,
a45,2002-03-11,12,-69.2084,-58.53070000000002,
a45,2002-03-11,24,-69.20704650878906,-58.5356674194336,25.75846078830957
a45,2002-03-11,48,-69.20573425292969,-58.543113708496094,26.47446439176784
uk18,2002-03-19,6,-69.78410677502264,163.54625603092632,
uk18,2002-03-19,12,-69.7796090371828,163.51802409507275,
uk18,2002-03-19,24,-69.781005859375,163.41258239746094,25.75846078830957
uk18,2002-03-19,48,-69.7698974609375,162.4705352783203,26.47446439176784
uk23,2002-03-28,6,-67.80990161324975,155.59431352319007,
uk23,2002-03-28,12,-67.83010214717105,155.58100405721234,
uk23,2002-03-28,24,-67.7884750366211,155.74635314941406,25.75846078830957
uk23,2002-03-28,48,-67.7998275756836,155.67538452148438,26.47446439176784
uk29,2002-03-28,6,-66.74025088458599,152.90714492650045,
uk29,2002-03-28,12,-66.72730118074725,152.9167797156215,
uk29,2002-03-28,24,-66.72979736328125,152.7427215576172,25.75846078830957
uk29,2002-03-28,48,-66.70890808105469,152.66302490234375,26.47446439176784
b15c,2002-04-04,6,-73.9258,170.57659999999998,
b15c,2002-04-04,12,-73.9258,170.57659999999998,
b15c,2002-04-04,24,-73.9013671875,170.45144653320312,25.75846078830957
b15c,2002-04-04,48,-73.88187408447266,169.3865203857422,26.47446439176784
uk22,2002-04-06,6,-62.79706791020233,172.2995031885107,
uk22,2002-04-06,12,-62.79550736831344,172.5723823529147,
uk22,2002-04-06,24,-62.79044342041016,173.6434783935547,25.75846078830957
uk22,2002-04-06,48,-62.808349609375,173.33517456054688,26.47446439176784
uk28,2002-04-06,6,-74.3327,-179.95640000000003,
uk28,2002-04-06,12,-74.3327,-179.95640000000003,
uk28,2002-04-06,24,-74.33135223388672,-179.96136474609375,25.75846078830957
uk28,2002-04-06,48,-74.33003997802734,-179.9688262939453,26.47446439176784
uk21,2002-04-14,6,-61.2216887707252,160.51918245397405,
uk21,2002-04-14,12,-61.23143412166292,160.81485401136547,
uk21,2002-04-14,24,-61.24825668334961,167.57496643066406,25.75846078830957
uk21,2002-04-14,48,-61.25246047973633,170.63372802734375,26.47446439176784
uk10,2002-04-21,6,-62.4759,-55.800400000000025,
uk10,2002-04-21,12,-62.4759,-55.800400000000025,
uk10,2002-04-21,24,-62.474552154541016,-55.80536651611328,25.75846078830957
uk10,2002-04-21,48,-62.47323989868164,-55.81281280517578,26.47446439176784
uk17,2002-05-22,6,-60.09722500045186,-23.63319965347489,
uk17,2002-05-22,12,-60.15425000059994,-23.632998612291654,
uk17,2002-05-22,24,-60.00428009033203,-23.626243591308597,25.75846078830957
uk17,2002-05-22,48,-60.02306365966797,-23.25025749206543,26.47446439176784
uk27,2002-06-20,6,-61.34745744876049,-53.62929057186892,
uk27,2002-06-20,12,-61.33610994018061,-53.65526231355727,
uk27,2002-06-20,24,-61.3172607421875,-53.59069061279297,25.75846078830957
uk27,2002-06-20,48,-61.29575729370117,-53.351661682128906,26.47446439176784
uk36,2002-07-04,6,-62.94423302594377,-53.079007187659045,
uk36,2002-07-04,12,-62.9486606297585,-52.95687698475251,
uk36,2002-07-04,24,-62.93569946289063,-52.92339706420898,25.75846078830957
uk36,2002-07-04,48,-62.9175033569336,-52.15292739868164,26.47446439176784
uk45,2002-07-18,6,-60.30743435392769,-53.89172399268728,
uk45,2002-07-18,12,-60.36579517023447,-53.792594240854726,
uk45,2002-07-18,24,-60.224422454833984,-53.966068267822266,25.75846078830957
uk45,2002-07-18,48,-60.23334503173828,-53.90322494506836,26.47446439176784
uk47,2002-07-21,6,-62.8503,-53.82439999999997,
uk47,2002-07-21,12,-62.8503,-53.82439999999997,
uk47,2002-07-21,24,-62.84895324707031,-53.829368591308594,25.75846078830957
uk47,2002-07-21,48,-62.84764099121094,-53.83681488037109,26.47446439176784
b22d,2002-08-04,6,-74.09928608129553,-107.10107138111856,
b22d,2002-08-04,12,-74.09857215731283,-107.1021426685166,
b22d,2002-08-04,24,-74.09416961669922,-106.5333251953125,25.75846078830957
b22d,2002-08-04,48,-74.07746887207031,-106.4550323486328,26.47446439176784
uk35,2002-08-08,6,-59.31762510364408,-51.995792690337225,
uk35,2002-08-08,12,-59.23465013902424,-51.99877080751884,
uk35,2002-08-08,24,-59.24409103393555,-51.208106994628906,25.75846078830957
uk35,2002-08-08,48,-59.08047866821289,-51.50204086303711,26.47446439176784
uk32,2002-08-26,6,-58.566323180074775,-49.2881349748813,
uk32,2002-08-26,12,-58.58168076119385,-49.19618916909548,
uk32,2002-08-26,24,-58.609745025634766,-49.295654296875,25.75846078830957
uk32,2002-08-26,48,-58.62453842163086,-49.075477600097656,26.47446439176784
uk33,2002-09-25,6,-53.08930000000001,-42.24970000000002,
uk33,2002-09-25,12,-53.08930000000001,-42.24970000000002,
uk33,2002-09-25,24,-53.07115173339844,-43.18819427490234,25.75846078830957
uk33,2002-09-25,48,-53.05691146850586,-42.18634033203125,26.47446439176784
uk61,2002-09-28,6,-58.995522058575126,-165.26258625121278,
uk61,2002-09-28,12,-58.92509656787685,-165.18419372318937,
uk61,2002-09-28,24,-58.94964599609375,-165.14186096191406,25.75846078830957
uk61,2002-09-28,48,-58.83415222167969,-165.25738525390625,26.47446439176784
uk57,2002-10-07,6,-58.30490000000001,-49.479600000000005,
uk57,2002-10-07,12,-58.30490000000001,-49.479600000000005,
uk57,2002-10-07,24,-58.30355453491211,-49.48456573486328,25.75846078830957
uk57,2002-10-07,48,-58.302242279052734,-49.49201202392578,26.47446439176784
uk60,2002-10-12,6,-64.88609999999998,90.4447,
uk60,2002-10-12,12,-64.88609999999998,90.4447,
uk60,2002-10-12,24,-64.88475036621094,90.43973541259766,25.75846078830957
uk60,2002-10-12,48,-64.88343811035156,90.43228912353516,26.47446439176784
a51,2002-10-27,6,,,
a51,2002-10-27,12,,,
a51,2002-10-27,24,,,
a51,2002-10-27,48,,,
uk46,2002-10-27,6,-62.10300000000001,-54.24369999999999,
uk46,2002-10-27,12,-62.10300000000001,-54.24369999999999,
uk46,2002-10-27,24,-62.09529495239258,-55.463375091552734,25.75846078830957
uk46,2002-10-27,48,-62.08810043334961,-54.80878448486328,26.47446439176784
uk59,2002-11-02,6,-51.22188158906423,-44.52140351513134,
uk59,2002-11-02,12,-51.21475878973035,-44.49871405108775,
uk59,2002-11-02,24,-51.22222137451172,-44.47442626953125,25.75846078830957
uk59,2002-11-02,48,-51.20813751220703,-44.26052474975586,26.47446439176784
uk70,2002-11-12,6,-61.46197209874735,160.0690792951201,
uk70,2002-11-12,12,-61.49971261846444,160.1348177153435,
uk70,2002-11-12,24,-61.41678237915039,160.09226989746094,25.75846078830957
uk70,2002-11-12,48,-61.44539642333984,160.20114135742188,26.47446439176784
uk67,2002-11-16,6,-60.798,-44.52819999999997,
uk67,2002-11-16,12,-60.798,-44.52819999999997,
uk67,2002-11-16,24,-60.796653747558594,-44.533164978027344,25.75846078830957
uk67,2002-11-16,48,-60.79534149169922,-44.54061126708984,26.47446439176784
uk58,2002-12-01,6,-55.345600000000005,-43.62549999999999,
uk58,2002-12-01,12,-55.345600000000005,-43.62549999999999,
uk58,2002-12-01,24,-55.34425354003906,-43.63046646118164,25.75846078830957
uk58,2002-12-01,48,-55.34294128417969,-43.63791275024414,26.47446439176784
uk16,2002-12-01,6,-57.291775123923145,-13.06742251018079,
uk16,2002-12-01,12,-57.26335016556544,-13.07064004526967,
uk16,2002-12-01,24,-57.29666519165039,-13.326172828674316,25.75846078830957
uk16,2002-12-01,48,-57.27106475830078,-13.01595687866211,26.47446439176784
uk12,2002-12-04,6,-60.28909999999999,-41.92110000000002,
uk12,2002-12-04,12,-60.28909999999999,-41.92110000000002,
uk12,2002-12-04,24,-60.28775405883789,-41.92606735229492,25.75846078830957
uk12,2002-12-04,48,-60.28644180297852,-41.93351364135742,26.47446439176784
uk49,2002-12-10,6,-65.2701,134.70990000000006,
uk49,2002-12-10,12,-65.2701,134.70990000000006,
uk49,2002-12-10,24,-65.26875305175781,134.70494079589844,25.75846078830957
uk49,2002-12-10,48,-65.26744079589844,134.69747924804688,26.47446439176784
uk14,2002-12-22,6,-54.14200000000001,-41.93079999999998,
uk14,2002-12-22,12,-54.14200000000001,-41.93079999999998,
uk14,2002-12-22,24,-54.14065170288086,-41.935768127441406,25.75846078830957
uk14,2002-12-22,48,-54.13933944702149,-41.94321441650391,26.47446439176784
uk66,2002-12-25,6,-60.75060000000002,-43.97989999999999,
uk66,2002-12-25,12,-60.75060000000002,-43.97989999999999,
uk66,2002-12-25,24,-60.74925231933594,-43.98486709594727,25.75846078830957
uk66,2002-12-25,48,-60.74794006347656,-43.992313385009766,26.47446439176784
uk26,2002-12-26,6,-54.1190869257686,-33.72265861114727,
uk26,2002-12-26,12,-54.05534945158209,-33.66848407035798,
uk26,2002-12-26,24,-54.02141189575195,-34.2713623046875,25.75846078830957
uk26,2002-12-26,48,-53.91489791870117,-34.15205001831055,26.47446439176784
uk31,2003-01-15,6,-61.854600000000005,-54.275300000000016,
uk31,2003-01-15,12,-61.854600000000005,-54.275300000000016,
uk31,2003-01-15,24,-61.83782958984375,-54.48670959472656,25.75846078830957
uk31,2003-01-15,48,-61.825592041015625,-54.47441482543945,26.47446439176784
uk55,2003-01-17,6,-67.2144,67.80089999999996,
uk55,2003-01-17,12,-67.2144,67.80089999999996,
uk55,2003-01-17,24,-67.21305084228516,67.79593658447266,25.75846078830957
uk55,2003-01-17,48,-67.21173858642578,67.78849029541016,26.47446439176784
uk30,2003-01-26,6,-62.3231,-48.648900000000026,
uk30,2003-01-26,12,-62.3231,-48.648900000000026,
uk30,2003-01-26,24,-62.321754455566406,-48.65386581420898,25.75846078830957
uk30,2003-01-26,48,-62.32044219970703,-48.66131210327149,26.47446439176784
c14,2003-01-26,6,-67.29978866871464,147.40023529376276,
c14,2003-01-26,12,-67.29957733708528,147.40047058337632,
c14,2003-01-26,24,-67.50486755371094,147.344482421875,25.75846078830957
c14,2003-01-26,48,-67.37544250488281,147.00003051757812,26.47446439176784
a49,2003-01-26,6,-63.09500034962159,-51.999000159682566,
a49,2003-01-26,12,-63.09000069220491,-51.99800066317613,
a49,2003-01-26,24,-63.080001356272426,-51.99600270082806,25.75846078830957
a49,2003-01-26,48,-63.06000260012126,-51.99201089342319,26.47446439176784
uk42,2003-01-29,6,-59.89980952737493,155.98132525424933,
uk42,2003-01-29,12,-59.87141272971037,156.01020109529497,
uk42,2003-01-29,24,-59.85528945922852,155.88214111328125,25.75846078830957
uk42,2003-01-29,48,-59.811012268066406,155.74684143066406,26.47446439176784
uk65,2003-01-29,6,-66.2784,128.20410000000004,
uk65,2003-01-29,12,-66.2784,128.20410000000004,
uk65,2003-01-29,24,-66.27704620361328,128.1991424560547,25.75846078830957
uk65,2003-01-29,48,-66.2757339477539,128.19168090820312,26.47446439176784
b19,2003-02-16,6,-53.1877816262637,-166.75004029460194,
b19,2003-02-16,12,-53.17554236655349,-166.70010907560788,
b19,2003-02-16,24,-53.11944580078125,-160.87734985351562,25.75846078830957
b19,2003-02-16,48,-53.13568878173828,-160.16360473632812,26.47446439176784
uk20,2003-02-22,6,-60.183,159.97579999999994,
uk20,2003-02-22,12,-60.183,159.97579999999994,
uk20,2003-02-22,24,-60.1816520690918,159.97084045410156,25.75846078830957
uk20,2003-02-22,48,-60.18033981323242,159.96337890625,26.47446439176784
uk15,2003-03-20,6,-54.1904,-34.64359999999999,
uk15,2003-03-20,12,-54.1904,-34.64359999999999,
uk15,2003-03-20,24,-54.18905258178711,-34.64856719970703,25.75846078830957
uk15,2003-03-20,48,-54.18774032592773,-34.65601348876953,26.47446439176784
uk74,2003-03-21,6,-61.4554,-43.911099999999976,
uk74,2003-03-21,12,-61.4554,-43.911099999999976,
uk74,2003-03-21,24,-61.44150161743164,-43.70430374145508,25.75846078830957
uk74,2003-03-21,48,-61.42230987548828,-43.29357147216797,26.47446439176784
uk25,2003-04-06,6,-68.09730000000002,150.39260000000002,
uk25,2003-04-06,12,-68.09730000000002,150.39260000000002,
uk25,2003-04-06,24,-68.095947265625,150.38763427734375,25.75846078830957
uk25,2003-04-06,48,-68.09463500976562,150.3801727294922,26.47446439176784
a47,2003-04-13,6,-52.29648127988244,-47.60333069421654,
a47,2003-04-13,12,-52.29296246609359,-47.60666085922492,
a47,2003-04-13,24,-52.28319549560547,-41.4565658569336,25.75846078830957
a47,2003-04-13,48,-52.21385955810547,-47.70278549194336,26.47446439176784
uk63,2003-04-27,6,-73.04013074334401,171.64944348002314,
uk63,2003-04-27,12,-73.0302911411891,171.5293218390775,
uk63,2003-04-27,24,-73.03887939453125,188.39236450195312,25.75846078830957
uk63,2003-04-27,48,-73.01103210449219,173.2202606201172,26.47446439176784
b25,2003-05-04,6,-74.90000156073758,-109.90178570094508,
b25,2003-05-04,12,-74.9000031074777,-109.9035714022491,
b25,2003-05-04,24,-74.89775085449219,-109.62847137451172,25.75846078830957
b25,2003-05-04,48,-74.89360046386719,-107.09334564208984,26.47446439176784
uk68,2003-05-23,6,-65.9279,147.80909999999994,
uk68,2003-05-23,12,-65.9279,147.80909999999994,
uk68,2003-05-23,24,-65.92655181884766,147.80413818359375,25.75846078830957
uk68,2003-05-23,48,-65.92523956298828,147.7966766357422,26.47446439176784
a50,2003-06-15,6,-58.997540574188,-50.53213670840472,
a50,2003-06-15,12,-58.9950731914962,-50.564268818508594,
a50,2003-06-15,24,-58.95631790161133,-41.92075347900391,25.75846078830957
a50,2003-06-15,48,-58.92240905761719,-46.35202026367188,26.47446439176784
uk62,2003-06-28,6,-51.98180000000001,-38.087800000000016,
uk62,2003-06-28,12,-51.98180000000001,-38.087800000000016,
uk62,2003-06-28,24,-51.96617126464844,-37.95326232910156,25.75846078830957
uk62,2003-06-28,48,-51.94887924194336,-37.96784591674805,26.47446439176784
c19,2003-07-24,6,-68.9947,160.83269999999993,
c19,2003-07-24,12,-68.9947,160.83269999999993,
c19,2003-07-24,24,-68.99334716796875,160.82774353027344,25.75846078830957
c19,2003-07-24,48,-68.99203491210938,160.82028198242188,26.47446439176784
uk69,2003-09-18,6,-64.7304,-23.36940000000004,
uk69,2003-09-18,12,-64.7304,-23.36940000000004,
uk69,2003-09-18,24,-64.72904968261719,-23.374366760253903,25.75846078830957
uk69,2003-09-18,48,-64.72773742675781,-23.381813049316406,26.47446439176784
uk34,2003-09-20,6,-51.974,-24.308199999999943,
uk34,2003-09-20,12,-51.974,-24.308199999999943,
uk34,2003-09-20,24,-51.972652435302734,-24.313167572021484,25.75846078830957
uk34,2003-09-20,48,-51.97134017944336,-24.320613861083984,26.47446439176784
b09a,2003-10-03,6,-48.88200109183301,-11.887874963176955,
b09a,2003-10-03,12,-48.88180145579741,-11.897049853242152,
b09a,2003-10-03,24,-48.88169860839844,-11.964886665344238,25.75846078830957
b09a,2003-10-03,48,-48.879913330078125,-11.981358528137209,26.47446439176784
a43i,2003-10-19,6,-53.39272026900505,-40.40587199309789,
a43i,2003-10-19,12,-53.38544025003158,-40.4117419778708,
a43i,2003-10-19,24,-53.31273651123047,-40.73683547973633,25.75846078830957
a43i,2003-10-19,48,-53.26217269897461,-40.62800598144531,26.47446439176784
uk88,2003-10-19,6,-66.9989,155.68259999999998,
uk88,2003-10-19,12,-66.9989,155.68259999999998,
uk88,2003-10-19,24,-66.99755096435547,155.67764282226562,25.75846078830957
uk88,2003-10-19,48,-66.9962387084961,155.67018127441406,26.47446439176784
b21b,2003-10-24,6,-75.09809999999999,-106.9783,
b21b,2003-10-24,12,-75.09809999999999,-106.9783,
b21b,2003-10-24,24,-75.09674835205078,-106.98326873779295,25.75846078830957
b21b,2003-10-24,48,-75.0954360961914,-106.99071502685548,26.47446439176784
uk56,2003-10-24,6,-69.78239999999998,162.38249999999994,
uk56,2003-10-24,12,-69.78239999999998,162.38249999999994,
uk56,2003-10-24,24,-69.78105163574219,162.37754821777344,25.75846078830957
uk56,2003-10-24,48,-69.77973937988281,162.37008666992188,26.47446439176784
uk73,2003-10-24,6,-58.38988965540867,-31.04985372757136,
uk73,2003-10-24,12,-58.4110695105538,-31.01436483926432,
uk73,2003-10-24,24,-58.38564300537109,-30.54084587097168,25.75846078830957
uk73,2003-10-24,48,-58.41139221191406,-31.4829216003418,26.47446439176784
b15h,2003-10-24,6,-64.5909,98.57899999999997,
b15h,2003-10-24,12,-64.5909,98.57899999999997,
b15h,2003-10-24,24,-64.58954620361328,98.57403564453124,25.75846078830957
b15h,2003-10-24,48,-64.5882339477539,98.56658935546876,26.47446439176784
uk40,2003-10-24,6,-66.4753,57.980800000000045,
uk40,2003-10-24,12,-66.4753,57.980800000000045,
uk40,2003-10-24,24,-66.47395324707031,57.975833892822266,25.75846078830957
uk40,2003-10-24,48,-66.47264099121094,57.968387603759766,26.47446439176784
uk13,2003-10-24,6,-68.7039,156.1603,
uk13,2003-10-24,12,-68.7039,156.1603,
uk13,2003-10-24,24,-68.70255279541016,156.15533447265625,25.75846078830957
uk13,2003-10-24,48,-68.70124053955078,156.1478729248047,26.47446439176784
uk94,2003-10-24,6,-66.3756,93.54070000000002,
uk94,2003-10-24,12,-66.3756,93.54070000000002,
uk94,2003-10-24,24,-66.37425231933594,93.53573608398438,25.75846078830957
uk94,2003-10-24,48,-66.37294006347656,93.52828979492188,26.47446439176784
uk24,2003-10-24,6,-60.7268,-44.68220000000002,
uk24,2003-10-24,12,-60.7268,-44.68220000000002,
uk24,2003-10-24,24,-60.7254524230957,-44.68716812133789,25.75846078830957
uk24,2003-10-24,48,-60.72414016723633,-44.69461441040039,26.47446439176784
uk39,2003-10-24,6,-66.0754,147.10040000000004,
uk39,2003-10-24,12,-66.0754,147.10040000000004,
uk39,2003-10-24,24,-66.07405090332031,147.09544372558594,25.75846078830957
uk39,2003-10-24,48,-66.07273864746094,147.08798217773438,26.47446439176784
uk38,2003-10-24,6,-65.184,134.90909999999997,
uk38,2003-10-24,12,-65.184,134.90909999999997,
uk38,2003-10-24,24,-65.18264770507812,134.90414428710938,25.75846078830957
uk38,2003-10-24,48,-65.18133544921875,134.8966827392578,26.47446439176784
a42,2003-10-24,6,-77.77380000000001,-48.62830000000002,
a42,2003-10-24,12,-77.77380000000001,-48.62830000000002,
a42,2003-10-24,24,-77.77245330810547,-48.63326644897461,25.75846078830957
a42,2003-10-24,48,-77.7711410522461,-48.64071273803711,26.47446439176784
a46,2003-10-24,6,-60.58860000000001,-45.737300000000005,
a46,2003-10-24,12,-60.58860000000001,-45.737300000000005,
a46,2003-10-24,24,-60.58725357055664,-45.74226760864258,25.75846078830957
a46,2003-10-24,48,-60.58594131469727,-45.74971389770508,26.47446439176784
uk85,2003-10-24,6,-73.90136153517349,-141.66932026346876,
uk85,2003-10-24,12,-73.87911541864203,-141.70983139915768,
uk85,2003-10-24,24,-73.89974975585938,-141.6543731689453,25.75846078830957
uk85,2003-10-24,48,-73.87470245361328,-141.40415954589844,26.47446439176784
uk72,2003-10-24,6,-69.9102,-40.5609,
uk72,2003-10-24,12,-69.9102,-40.5609,
uk72,2003-10-24,24,-69.90885162353516,-40.56586837768555,25.75846078830957
uk72,2003-10-24,48,-69.90753936767578,-40.57331466674805,26.47446439176784
uk90,2003-11-16,6,-65.4664,126.91419999999994,
uk90,2003-11-16,12,-65.4664,126.91419999999994,
uk90,2003-11-16,24,-65.46504974365234,126.90923309326172,25.75846078830957
uk90,2003-11-16,48,-65.46373748779297,126.90178680419922,26.47446439176784
uk89,2003-11-16,6,-57.9959,167.20709999999997,
uk89,2003-11-16,12,-57.9959,167.20709999999997,
uk89,2003-11-16,24,-57.99455261230469,167.2021484375,25.75846078830957
uk89,2003-11-16,48,-57.99324035644531,167.19468688964844,26.47446439176784
uk91,2003-11-17,6,-61.887180377313385,-20.811907996395576,
uk91,2003-11-17,12,-61.86375718251964,-20.83408203316196,
uk91,2003-11-17,24,-61.88872909545898,-20.01565170288086,25.75846078830957
uk91,2003-11-17,48,-61.860595703125,-20.236963272094727,26.47446439176784
uk51,2003-11-20,6,-64.9606,98.88189999999996,
uk51,2003-11-20,12,-64.9606,98.88189999999996,
uk51,2003-11-20,24,-64.9592514038086,98.8769302368164,25.75846078830957
uk51,2003-11-20,48,-64.95793914794922,98.8694839477539,26.47446439176784
uk86,2003-12-06,6,-72.8482,-134.36250000000007,
uk86,2003-12-06,12,-72.8482,-134.36250000000007,
uk86,2003-12-06,24,-72.84684753417969,-134.36746215820312,25.75846078830957
uk86,2003-12-06,48,-72.84553527832031,-134.3749237060547,26.47446439176784
uk75,2003-12-31,6,-61.6669,-49.4416,
uk75,2003-12-31,12,-61.6669,-49.4416,
uk75,2003-12-31,24,-61.667293548583984,-49.44868850708008,25.75846078830957
uk75,2003-12-31,48,-61.66519546508789,-49.45690155029297,26.47446439176784
uk92,2003-12-31,6,-75.01398821742892,-152.355531181573,
uk92,2003-12-31,12,-75.01025097943061,-152.4319252512298,
uk92,2003-12-31,24,-75.00755310058594,-152.96359252929688,25.75846078830957
uk92,2003-12-31,48,-74.99715423583984,-153.01625061035156,26.47446439176784
uk54,2003-12-31,6,-65.3579,116.3279,
uk54,2003-12-31,12,-65.3579,116.3279,
uk54,2003-12-31,24,-65.35655212402344,116.32293701171876,25.75846078830957
uk54,2003-12-31,48,-65.35523986816406,116.31549072265624,26.47446439176784
uk71,2003-12-31,6,-68.02558061003735,-36.8424469596157,
uk71,2003-12-31,12,-68.02275748192012,-36.86728785578515,
uk71,2003-12-31,24,-68.02474975585938,-37.1717643737793,25.75846078830957
uk71,2003-12-31,48,-68.0193099975586,-37.302528381347656,26.47446439176784
a38c,2004-01-05,6,-52.04377471246966,-41.84057598250547,
a38c,2004-01-05,12,-52.04963262710172,-42.06251220357376,
a38c,2004-01-05,24,-51.98488235473633,-40.39706802368164,25.75846078830957
a38c,2004-01-05,48,-51.95592498779297,-41.43473434448242,26.47446439176784
a38d,2004-01-29,6,-52.072500000000005,-24.699299999999997,
a38d,2004-01-29,12,-52.072500000000005,-24.699299999999997,
a38d,2004-01-29,24,-52.05332946777344,-24.73645782470703,25.75846078830957
a38d,2004-01-29,48,-52.05350875854492,-25.10337448120117,26.47446439176784
c17,2004-02-03,6,-68.00809999999998,153.79200000000003,
c17,2004-02-03,12,-68.00809999999998,153.79200000000003,
c17,2004-02-03,24,-68.00675201416016,153.78704833984375,25.75846078830957
c17,2004-02-03,48,-68.00543975830078,153.7795867919922,26.47446439176784
b22e,2004-02-08,6,-75.60160075366426,-156.92427504776754,
b22e,2004-02-08,12,-75.60319902966161,-156.94855537551302,
b22e,2004-02-08,24,-75.61048889160156,-157.1968994140625,25.75846078830957
b22e,2004-02-08,48,-75.61685180664062,-157.64828491210938,26.47446439176784
a43b,2004-02-14,6,-51.87523040126468,-41.73893896678561,
a43b,2004-02-14,12,-51.72842460533173,-41.67380458193196,
a43b,2004-02-14,24,-52.28792953491211,-42.21082305908203,25.75846078830957
a43b,2004-02-14,48,-52.23098373413086,-42.4465217590332,26.47446439176784
c18,2004-02-21,6,-66.80289999999998,151.89599999999996,
c18,2004-02-21,12,-66.80289999999998,151.89599999999996,
c18,2004-02-21,24,-66.80155181884766,151.8910369873047,25.75846078830957
c18,2004-02-21,48,-66.80023956298828,151.88357543945312,26.47446439176784
uk19,2004-02-22,6,-69.6969,162.34030000000007,
uk19,2004-02-22,12,-69.6969,162.34030000000007,
uk19,2004-02-22,24,-69.69554901123047,162.33534240722656,25.75846078830957
uk19,2004-02-22,48,-69.6942367553711,162.327880859375,26.47446439176784
a48,2004-03-15,6,-54.6371,-38.28989999999999,
a48,2004-03-15,12,-54.6371,-38.28989999999999,
a48,2004-03-15,24,-54.6357536315918,-38.29486846923828,25.75846078830957
a48,2004-03-15,48,-54.63444137573242,-38.30231475830078,26.47446439176784
b26,2004-03-28,6,-78.50249432363425,-170.25688246757784,
b26,2004-03-28,12,-78.50496290268205,-170.34380194112384,
b26,2004-03-28,24,-78.36315155029297,-167.74560546875,25.75846078830957
b26,2004-03-28,48,-78.35362243652344,-169.9104461669922,26.47446439176784
uk99,2004-04-18,6,-54.05347644288364,-38.30769606578031,
uk99,2004-04-18,12,-54.08831842355374,-38.24318396489065,
uk99,2004-04-18,24,-54.010231018066406,-38.34713363647461,25.75846078830957
uk99,2004-04-18,48,-54.01852798461914,-37.97828674316406,26.47446439176784
c19e,2004-04-25,6,-66.53780000000002,148.99059999999997,
c19e,2004-04-25,12,-66.53780000000002,148.99059999999997,
c19e,2004-04-25,24,-66.53645324707031,148.9856414794922,25.75846078830957
c19e,2004-04-25,48,-66.53514099121094,148.97817993164062,26.47446439176784
uk96,2004-05-19,6,-52.87138222610038,-35.68394885692703,
uk96,2004-05-19,12,-52.873459633415976,-35.65999541697579,
uk96,2004-05-19,24,-52.86549758911133,-35.19354248046875,25.75846078830957
uk96,2004-05-19,48,-52.8587646484375,-35.04821014404297,26.47446439176784
a38f,2004-06-21,6,-51.577504417696346,-20.83421476046749,
a38f,2004-06-21,12,-51.54140590487167,-20.81565901967701,
a38f,2004-06-21,24,-51.52336883544922,-20.843297958374023,25.75846078830957
a38f,2004-06-21,48,-51.45035171508789,-20.872892379760746,26.47446439176784
uk53,2004-06-27,6,-65.7511,92.53150000000004,
uk53,2004-06-27,12,-65.7511,92.53150000000004,
uk53,2004-06-27,24,-65.74974822998047,92.52653503417967,25.75846078830957
uk53,2004-06-27,48,-65.7484359741211,92.5190887451172,26.47446439176784
uk100,2004-06-27,6,-54.68058023905744,-37.62609610651731,
uk100,2004-06-27,12,-54.68825698165902,-37.605484417513935,
uk100,2004-06-27,24,-54.673099517822266,-37.7263069152832,25.75846078830957
uk100,2004-06-27,48,-54.67258834838867,-38.468074798583984,26.47446439176784
c14b,2004-06-28,6,-67.80249999999998,147.21040000000005,
c14b,2004-06-28,12,-67.80249999999998,147.21040000000005,
c14b,2004-06-28,24,-67.8011474609375,147.2054443359375,25.75846078830957
c14b,2004-06-28,48,-67.79983520507812,147.19798278808594,26.47446439176784
uk97,2004-06-30,6,-66.6503,80.95720000000006,
uk97,2004-06-30,12,-66.6503,80.95720000000006,
uk97,2004-06-30,24,-66.6489486694336,80.95223236083984,25.75846078830957
uk97,2004-06-30,48,-66.64763641357422,80.94478607177734,26.47446439176784
a43c,2004-07-02,6,-54.8353,-21.422900000000027,
a43c,2004-07-02,12,-54.8353,-21.422900000000027,
a43c,2004-07-02,24,-54.81767654418945,-20.89896583557129,25.75846078830957
a43c,2004-07-02,48,-54.80360412597656,-20.54880142211914,26.47446439176784
uk48,2004-07-02,6,-66.0869,134.89099999999996,
uk48,2004-07-02,12,-66.0869,134.89099999999996,
uk48,2004-07-02,24,-66.0855484008789,134.88604736328125,25.75846078830957
uk48,2004-07-02,48,-66.08423614501953,134.8785858154297,26.47446439176784
uk95,2004-07-12,6,-56.8634037404756,100.0645236537382,
uk95,2004-07-12,12,-56.80750500702115,100.0820947099228,
uk95,2004-07-12,24,-56.714599609375,99.90399932861328,25.75846078830957
uk95,2004-07-12,48,-56.67355346679688,100.1500015258789,26.47446439176784
uk84,2004-07-25,6,-73.82842504823654,-153.12542137105402,
uk84,2004-07-25,12,-73.80545006448062,-153.12803550259707,
uk84,2004-07-25,24,-73.82862091064453,-153.071044921875,25.75846078830957
uk84,2004-07-25,48,-73.79910278320312,-152.94053649902344,26.47446439176784
a38a,2004-07-26,6,-52.2573985683794,-16.983427148167493,
a38a,2004-07-26,12,-52.19230077035069,-16.79640286890742,
a38a,2004-07-26,24,-52.324466705322266,-17.454792022705078,25.75846078830957
a38a,2004-07-26,48,-52.27321243286133,-16.670982360839844,26.47446439176784
a27a,2004-08-15,6,,,
a27a,2004-08-15,12,,,
a27a,2004-08-15,24,,,
a27a,2004-08-15,48,,,
a38e,2004-08-31,6,-50.924900015478144,-16.95590068152876,
a38e,2004-08-31,12,-50.95370002059647,-16.9570027266916,
a38e,2004-08-31,24,-50.95076370239258,-16.807077407836914,25.75846078830957
a38e,2004-08-31,48,-50.989532470703125,-17.1320858001709,26.47446439176784
uk87,2004-09-09,6,-71.55570000000002,-57.51350000000002,
uk87,2004-09-09,12,-71.55570000000002,-57.51350000000002,
uk87,2004-09-09,24,-71.55435180664062,-57.51846694946289,25.75846078830957
uk87,2004-09-09,48,-71.55303955078125,-57.52591323852539,26.47446439176784
uk126,2004-10-13,6,-55.07405711598306,-35.937747130190075,
uk126,2004-10-13,12,-55.09434261823112,-36.03128923640816,
uk126,2004-10-13,24,-55.08876037597656,-35.8169059753418,25.75846078830957
uk126,2004-10-13,48,-55.121055603027344,-36.4604721069336,26.47446439176784
b22c,2004-10-24,6,-72.69784767724728,-149.13331727770844,
b22c,2004-10-24,12,-72.6956898545576,-149.1666265105439,
b22c,2004-10-24,24,-72.6828842163086,-149.88169860839844,25.75846078830957
b22c,2004-10-24,48,-72.66659545898438,-147.5392608642578,26.47446439176784
a38b,2004-11-24,6,-52.72430000000001,-37.6866,
a38b,2004-11-24,12,-52.72430000000001,-37.6866,
a38b,2004-11-24,24,-52.70598983764648,-37.78507995605469,25.75846078830957
a38b,2004-11-24,48,-52.68929290771485,-37.470333099365234,26.47446439176784
uk112,2004-12-06,6,-66.51231370775095,78.92642674964952,
uk112,2004-12-06,12,-66.52761825329755,78.88850689662377,
uk112,2004-12-06,24,-66.49810791015625,79.11585998535156,25.75846078830957
uk112,2004-12-06,48,-66.50992584228516,79.43505096435547,26.47446439176784
c09,2004-12-08,6,-65.964,50.65930000000003,
c09,2004-12-08,12,-65.964,50.65930000000003,
c09,2004-12-08,24,-65.962646484375,50.654335021972656,25.75846078830957
c09,2004-12-08,48,-65.96133422851562,50.64688873291016,26.47446439176784
b23,2005-01-14,6,-74.84770000000002,-109.00870000000003,
b23,2005-01-14,12,-74.84770000000002,-109.00870000000003,
b23,2005-01-14,24,-74.84635162353516,-109.01366424560548,25.75846078830957
b23,2005-01-14,48,-74.84503936767578,-109.02111053466795,26.47446439176784
uk110,2005-01-19,6,-62.982738198729706,85.8399846319536,
uk110,2005-01-19,12,-62.99546758085959,85.80463846545877,
uk110,2005-01-19,24,-62.97167205810547,85.95652770996094,25.75846078830957
uk110,2005-01-19,48,-62.98027420043945,86.11656188964844,26.47446439176784
uk131,2005-01-24,6,-66.24862717858457,62.06136872761124,
uk131,2005-01-24,12,-66.25915290220779,62.04632489853316,
uk131,2005-01-24,24,-66.23799896240234,62.00023651123047,25.75846078830957
uk131,2005-01-24,48,-66.24156188964844,61.90152359008789,26.47446439176784
a53,2005-01-30,6,-67.22000036645895,-60.42880952430511,
a53,2005-01-30,12,-67.22000072408758,-60.4276190485744,
a53,2005-01-30,24,-67.22000141285382,-60.42523809700901,25.75846078830957
a53,2005-01-30,48,-67.22000268442231,-60.42047619348671,26.47446439176784
a43a,2005-01-30,6,-52.022683666236254,-23.7665219361661,
a43a,2005-01-30,12,-51.985061584882615,-23.74048770237414,
a43a,2005-01-30,24,-51.94040298461914,-23.696870803833008,25.75846078830957
a43a,2005-01-30,48,-51.85390090942383,-23.661449432373047,26.47446439176784
uk205,2005-03-10,6,-59.08621125952956,-43.38496216750707,
uk205,2005-03-10,12,-59.07879837222072,-43.32894850531659,
uk205,2005-03-10,24,-59.07212448120117,-43.89752578735352,25.75846078830957
uk205,2005-03-10,48,-59.05431365966797,-44.21676635742188,26.47446439176784
uk202,2005-03-14,6,-57.14820837187242,-52.261051613765005,
uk202,2005-03-14,12,-57.11551118845103,-52.28745651920195,
uk202,2005-03-14,24,-57.082611083984375,-52.57029724121094,25.75846078830957
uk202,2005-03-14,48,-56.94475936889648,-52.46541213989258,26.47446439176784
c21,2005-03-19,6,-65.99061234322615,90.2148438095877,
c21,2005-03-19,12,-65.9931997802796,90.15287499460489,
c21,2005-03-19,24,-66.0025634765625,90.180419921875,25.75846078830957
c21,2005-03-19,48,-66.01798248291016,90.1364517211914,26.47446439176784
b24,2005-03-20,6,-74.694,-109.82,
b24,2005-03-20,12,-74.694,-109.82,
b24,2005-03-20,24,-74.6926498413086,-109.82496643066406,25.75846078830957
b24,2005-03-20,48,-74.69133758544922,-109.83241271972656,26.47446439176784
a43j,2005-03-22,6,-53.66567286103817,-44.66635779747759,
a43j,2005-03-22,12,-53.6008480310492,-44.77448267884148,
a43j,2005-03-22,24,-53.61764526367188,-45.03338241577149,25.75846078830957
a43j,2005-03-22,48,-53.51083755493164,-45.11271286010742,26.47446439176784
uk203,2005-03-22,6,-56.08036252179857,-50.4430606372585,
uk203,2005-03-22,12,-56.03238364368711,-50.51454310322816,
uk203,2005-03-22,24,-55.99290084838867,-50.78908157348633,25.75846078830957
uk203,2005-03-22,48,-55.89823913574219,-50.91255187988281,26.47446439176784
uk122,2005-04-05,6,-60.8141,158.68240000000003,
uk122,2005-04-05,12,-60.8141,158.68240000000003,
uk122,2005-04-05,24,-60.80425643920898,158.51303100585938,25.75846078830957
uk122,2005-04-05,48,-60.798118591308594,158.44924926757812,26.47446439176784
uk119,2005-05-02,6,-64.60811589554584,178.88790294354885,
uk119,2005-05-02,12,-64.55452128513562,178.84856123734608,
uk119,2005-05-02,24,-64.51325225830078,178.885009765625,25.75846078830957
uk119,2005-05-02,48,-64.40148162841797,179.3505859375,26.47446439176784
uk147,2005-05-22,6,-65.7766,85.05729999999994,
uk147,2005-05-22,12,-65.7766,85.05729999999994,
uk147,2005-05-22,24,-65.77525329589844,85.05233001708984,25.75846078830957
uk147,2005-05-22,48,-65.77394104003906,85.04488372802734,26.47446439176784
uk132,2005-06-07,6,-64.0809,99.56399999999996,
uk132,2005-06-07,12,-64.0809,99.56399999999996,
uk132,2005-06-07,24,-64.07881927490234,99.3575439453125,25.75846078830957
uk132,2005-06-07,48,-64.07487487792969,99.4718017578125,26.47446439176784
a34a,2005-06-13,6,-49.32012500991636,-15.229425257073444,
a34a,2005-06-13,12,-49.30565001323497,-15.228551028214383,
a34a,2005-06-13,24,-49.2950325012207,-15.027265548706056,25.75846078830957
a34a,2005-06-13,48,-49.2602767944336,-15.341509819030762,26.47446439176784
uk222,2005-06-29,6,-60.30424766043305,-55.11111445040973,
uk222,2005-06-29,12,-60.284463640472985,-55.046207484265096,
uk222,2005-06-29,24,-60.29576873779297,-54.88924789428711,25.75846078830957
uk222,2005-06-29,48,-60.264766693115234,-54.65856170654297,26.47446439176784
uk201,2005-07-09,6,-57.73832896315746,-42.66537771911442,
uk201,2005-07-09,12,-57.6942553008541,-42.68361094706938,
uk201,2005-07-09,24,-57.75690078735352,-42.95086288452149,25.75846078830957
uk201,2005-07-09,48,-57.718544006347656,-46.23344802856445,26.47446439176784
uk135,2005-09-08,6,-69.07442350560325,28.196273923653397,
uk135,2005-09-08,12,-69.09574762074548,28.065492917105075,
uk135,2005-09-08,24,-69.11463165283203,27.918386459350582,25.75846078830957
uk135,2005-09-08,48,-69.1944580078125,27.5062313079834,26.47446439176784
b22b,2005-10-02,6,-70.0309,-167.2323,
b22b,2005-10-02,12,-70.0309,-167.2323,
b22b,2005-10-02,24,-70.02285766601562,-167.2939453125,25.75846078830957
b22b,2005-10-02,48,-70.02670288085938,-167.2692413330078,26.47446439176784
uk208,2005-10-06,6,-65.3466,-41.06279999999998,
uk208,2005-10-06,12,-65.3466,-41.06279999999998,
uk208,2005-10-06,24,-65.32796478271484,-40.694705963134766,25.75846078830957
uk208,2005-10-06,48,-65.31085205078125,-40.9345588684082,26.47446439176784
uk209,2005-10-10,6,-66.0874,-39.81130000000002,
uk209,2005-10-10,12,-66.0874,-39.81130000000002,
uk209,2005-10-10,24,-66.0858383178711,-39.5847282409668,25.75846078830957
uk209,2005-10-10,48,-66.0843734741211,-39.64833450317383,26.47446439176784
c23,2005-10-23,6,-70.58082500904972,171.1789509965555,
c23,2005-10-23,12,-70.56165001208866,171.1779039829097,
c23,2005-10-23,24,-70.54106140136719,171.8580780029297,25.75846078830957
c23,2005-10-23,48,-70.48786163330078,172.16102600097656,26.47446439176784
c22,2005-10-23,6,-70.13000004820243,166.75239999999633,
c22,2005-10-23,12,-70.13000006426992,166.75480000000005,
c22,2005-10-23,24,-70.12960052490234,166.8811798095703,25.75846078830957
c22,2005-10-23,48,-70.12947845458984,167.0290069580078,26.47446439176784
uk133,2005-11-14,6,-64.482,130.23400000000004,
uk133,2005-11-14,12,-64.482,130.23400000000004,
uk133,2005-11-14,24,-64.48065185546875,130.22903442382812,25.75846078830957
uk133,2005-11-14,48,-64.47933959960938,130.22157287597656,26.47446439176784
uk206,2005-12-14,6,-64.9575,-40.54079999999999,
uk206,2005-12-14,12,-64.9575,-40.54079999999999,
uk206,2005-12-14,24,-64.94944763183594,-40.331172943115234,25.75846078830957
uk206,2005-12-14,48,-64.9447250366211,-40.52423858642578,26.47446439176784
a43e,2005-12-18,6,-53.40718390951275,-28.70076838069076,
a43e,2005-12-18,12,-53.39436473128076,-28.681548347040803,
a43e,2005-12-18,24,-53.41072463989258,-30.913084030151367,25.75846078830957
a43e,2005-12-18,48,-53.399898529052734,-28.497636795043945,26.47446439176784
uk140,2005-12-21,6,-70.69875194949282,-30.652850576471167,
uk140,2005-12-21,12,-70.69950259913404,-30.668302309963053,
uk140,2005-12-21,24,-70.69926452636719,-30.67938804626465,25.75846078830957
uk140,2005-12-21,48,-70.69853210449219,-30.515596389770508,26.47446439176784
uk210,2005-12-25,6,-65.958,-52.93169999999998,
uk210,2005-12-25,12,-65.958,-52.93169999999998,
uk210,2005-12-25,24,-65.93600463867188,-52.72977066040039,25.75846078830957
uk210,2005-12-25,48,-65.91405487060547,-52.78226089477539,26.47446439176784
uk151,2005-12-26,6,-65.4257328181067,115.54789879902728,
uk151,2005-12-26,12,-65.42686042317834,115.51979517358608,
uk151,2005-12-26,24,-65.42765808105469,115.37476348876952,25.75846078830957
uk151,2005-12-26,48,-65.43221282958984,115.2741241455078,26.47446439176784
uk139,2005-12-31,6,-71.7097,-43.4359,
uk139,2005-12-31,12,-71.7097,-43.4359,
uk139,2005-12-31,24,-71.70050811767578,-43.15827560424805,25.75846078830957
uk139,2005-12-31,48,-71.68730163574219,-43.06698989868164,26.47446439176784
uk134,2006-01-08,6,-65.5068,112.3822,
uk134,2006-01-08,12,-65.5068,112.3822,
uk134,2006-01-08,24,-65.50544738769531,112.37723541259766,25.75846078830957
uk134,2006-01-08,48,-65.50413513183594,112.36978912353516,26.47446439176784
uk221,2006-01-22,6,-66.2745,-60.77609999999999,
uk221,2006-01-22,12,-66.2745,-60.77609999999999,
uk221,2006-01-22,24,-66.27314758300781,-60.78106689453125,25.75846078830957
uk221,2006-01-22,48,-66.27183532714844,-60.78851318359375,26.47446439176784
uk120,2006-02-27,6,-63.633683621547135,176.90405344590624,
uk120,2006-02-27,12,-63.65347788412469,177.01756537005065,
uk120,2006-02-27,24,-63.66200256347656,176.93310546875,25.75846078830957
uk120,2006-02-27,48,-63.67427444458008,177.2152862548828,26.47446439176784
c20,2006-03-06,6,-47.74736050631597,106.3561886253982,
c20,2006-03-06,12,-47.76561373919303,106.4673554238035,
c20,2006-03-06,24,-47.746952056884766,106.4491729736328,25.75846078830957
c20,2006-03-06,48,-47.7545280456543,106.7156753540039,26.47446439176784
uk50,2006-03-31,6,-65.42,114.1023,
uk50,2006-03-31,12,-65.42,114.1023,
uk50,2006-03-31,24,-65.41864776611328,114.09733581542967,25.75846078830957
uk50,2006-03-31,48,-65.4173355102539,114.0898895263672,26.47446439176784
uk144,2006-04-16,6,-64.86238908176368,132.3680950395826,
uk144,2006-04-16,12,-64.8659687702409,132.3306801040311,
uk144,2006-04-16,24,-64.8685073852539,132.40908813476562,25.75846078830957
uk144,2006-04-16,48,-64.88194274902344,132.50540161132812,26.47446439176784
a52,2006-05-04,6,-54.69653844789678,-37.25680250815765,
a52,2006-05-04,12,-54.69346793438389,-37.22381000308309,
a52,2006-05-04,24,-54.69010543823242,-37.189083099365234,25.75846078830957
a52,2006-05-04,48,-54.684120178222656,-37.15909194946289,26.47446439176784
c21c,2006-06-11,6,-65.82892499999998,84.43000000000006,
c21c,2006-06-11,12,-65.82785,84.43000000000006,
c21c,2006-06-11,24,-65.82765197753906,85.3124771118164,25.75846078830957
c21c,2006-06-11,48,-65.82577514648438,84.49615478515625,26.47446439176784
c10,2006-07-13,6,-70.0584,25.35419999999999,
c10,2006-07-13,12,-70.0584,25.35419999999999,
c10,2006-07-13,24,-70.05705261230469,25.349233627319336,25.75846078830957
c10,2006-07-13,48,-70.05574035644531,25.34178733825684,26.47446439176784
a54b,2006-08-06,6,-64.65017500031024,-56.419824998871775,
a54b,2006-08-06,12,-64.65035000041364,-56.41964999548708,
a54b,2006-08-06,24,-64.65625,-56.38873291015625,25.75846078830957
a54b,2006-08-06,48,-64.66056060791016,-56.40862274169922,26.47446439176784
uk137,2006-09-09,6,-68.5278,31.66480000000001,
uk137,2006-09-09,12,-68.5278,31.66480000000001,
uk137,2006-09-09,24,-68.52645111083984,31.65983390808105,25.75846078830957
uk137,2006-09-09,48,-68.52513885498047,31.652387619018555,26.47446439176784
uk138,2006-09-18,6,-65.19667707517522,-54.14839020699338,
uk138,2006-09-18,12,-65.16875277319966,-54.13401077455524,
uk138,2006-09-18,24,-65.15850830078125,-57.0759162902832,25.75846078830957
uk138,2006-09-18,48,-65.12924194335938,-56.4841423034668,26.47446439176784
uk207,2006-10-02,6,-56.80005815465331,-36.35248550094411,
uk207,2006-10-02,12,-56.74891091220596,-36.32654187802922,
uk207,2006-10-02,24,-56.809349060058594,-36.4882698059082,25.75846078830957
uk207,2006-10-02,48,-56.776248931884766,-36.65961837768555,26.47446439176784
uk213,2006-10-05,6,-53.77720218724446,-47.0396896043369,
uk213,2006-10-05,12,-53.73080292569025,-47.02650838561328,
uk213,2006-10-05,24,-53.67923355102539,-47.15204620361328,25.75846078830957
uk213,2006-10-05,48,-53.58039093017578,-47.36032104492188,26.47446439176784
a53b,2006-10-15,6,-63.135103204392,-54.82742505875473,
a53b,2006-10-15,12,-63.13520427248939,-54.84485024014975,
a53b,2006-10-15,24,-63.134864807128906,-54.72248077392578,25.75846078830957
a53b,2006-10-15,48,-63.13543701171875,-54.602657318115234,26.47446439176784
uk217,2006-10-21,6,-65.59550000000002,-47.95159999999999,
uk217,2006-10-21,12,-65.59550000000002,-47.95159999999999,
uk217,2006-10-21,24,-65.59414672851562,-47.9565658569336,25.75846078830957
uk217,2006-10-21,48,-65.59283447265625,-47.964012145996094,26.47446439176784
uk216,2006-10-26,6,-64.5700508971546,-45.93090181153991,
uk216,2006-10-26,12,-64.56480119671167,-45.921507244253576,
uk216,2006-10-26,24,-64.5610580444336,-45.884254455566406,25.75846078830957
uk216,2006-10-26,48,-64.54459381103516,-45.85662841796875,26.47446439176784
uk220,2006-10-30,6,-64.65012569782256,-51.08709997692506,
uk220,2006-10-30,12,-64.65005093043573,-51.095399908269485,
uk220,2006-10-30,24,-64.64933776855469,-51.20064163208008,25.75846078830957
uk220,2006-10-30,48,-64.64768981933594,-51.27724075317383,26.47446439176784
uk215,2006-11-02,6,-62.85837500813952,-41.39982548617991,
uk215,2006-11-02,12,-62.84205001086643,-41.398951943922384,
uk215,2006-11-02,24,-62.82276916503906,-41.317501068115234,25.75846078830957
uk215,2006-11-02,48,-62.7784538269043,-41.58697128295898,26.47446439176784
uk211,2006-11-06,6,-52.45620000000001,-42.41590000000002,
uk211,2006-11-06,12,-52.45620000000001,-42.41590000000002,
uk211,2006-11-06,24,-52.45485305786133,-42.42086791992188,25.75846078830957
uk211,2006-11-06,48,-52.45354080200195,-42.428314208984375,26.47446439176784
a54,2006-11-28,6,-64.1228,-56.23579999999998,
a54,2006-11-28,12,-64.1228,-56.23579999999998,
a54,2006-11-28,24,-64.12145233154297,-56.24076843261719,25.75846078830957
a54,2006-11-28,48,-64.1201400756836,-56.24821472167969,26.47446439176784
uk116,2006-12-18,6,-63.559927646652966,78.82775719928463,
uk116,2006-12-18,12,-63.567120155870015,78.75667843362464,
uk116,2006-12-18,24,-63.54692077636719,78.79266357421875,25.75846078830957
uk116,2006-12-18,48,-63.56536102294922,78.96051788330078,26.47446439176784
c19b,2006-12-31,6,-64.3188,98.37829999999995,
c19b,2006-12-31,12,-64.3188,98.37829999999995,
c19b,2006-12-31,24,-64.31745147705078,98.3733367919922,25.75846078830957
c19b,2006-12-31,48,-64.3161392211914,98.36589050292967,26.47446439176784
c25,2007-02-05,6,-72.20620000000001,170.928,
c25,2007-02-05,12,-72.20620000000001,170.928,
c25,2007-02-05,24,-72.19476318359375,170.8387451171875,25.75846078830957
c25,2007-02-05,48,-72.18521118164062,170.76779174804688,26.47446439176784
a54a,2007-02-11,6,-60.91813287985796,-52.79177683206302,
a54a,2007-02-11,12,-60.90626224648398,-52.81353744842119,
a54a,2007-02-11,24,-60.84695053100586,-60.262454986572266,25.75846078830957
a54a,2007-02-11,48,-60.89325714111328,-54.15948486328125,26.47446439176784
b15p,2007-03-18,6,-58.114781500308425,154.26932021621838,
b15p,2007-03-18,12,-58.099525416597,154.33858118930573,
b15p,2007-03-18,24,-58.06327438354492,154.55093383789062,25.75846078830957
b15p,2007-03-18,48,-58.04187774658203,154.9156036376953,26.47446439176784
uk212,2007-03-20,6,-57.204881044804,-43.16498891585872,
uk212,2007-03-20,12,-57.19484142274418,-43.114005540152334,
uk212,2007-03-20,24,-57.18893432617188,-42.91046142578125,25.75846078830957
uk212,2007-03-20,48,-57.15764617919922,-42.96857833862305,26.47446439176784
uk171,2007-05-09,6,-65.0133504983896,139.47404206959447,
uk171,2007-05-09,12,-64.98330066613983,139.48106830664858,
uk171,2007-05-09,24,-65.00931549072266,139.00912475585938,25.75846078830957
uk171,2007-05-09,48,-64.97335815429688,139.68519592285156,26.47446439176784
uk179,2007-05-17,6,-64.52247871678946,52.35543884205288,
uk179,2007-05-17,12,-64.52823827133675,52.3022552118432,
uk179,2007-05-17,24,-64.51197052001953,53.11701583862305,25.75846078830957
uk179,2007-05-17,48,-64.51789093017578,54.51664733886719,26.47446439176784
uk233,2007-05-19,6,-56.15612502634697,-31.850725014397423,
uk233,2007-05-19,12,-56.15575003513024,-31.849250057586744,
uk233,2007-05-19,24,-56.15517044067383,-31.70782470703125,25.75846078830957
uk233,2007-05-19,48,-56.155033111572266,-31.7364444732666,26.47446439176784
uk231,2007-08-04,6,-60.93270000000002,-45.93299999999999,
uk231,2007-08-04,12,-60.93270000000002,-45.93299999999999,
uk231,2007-08-04,24,-60.914493560791016,-45.75259017944336,25.75846078830957
uk231,2007-08-04,48,-60.89451599121094,-44.79159164428711,26.47446439176784
uk163,2007-08-15,6,-65.73503116458237,176.30299855283738,
uk163,2007-08-15,12,-65.74312483597414,176.37874467374354,
uk163,2007-08-15,24,-65.74038696289062,176.4375762939453,25.75846078830957
uk163,2007-08-15,48,-65.74317169189453,176.59320068359375,26.47446439176784
uk156,2007-09-03,6,-62.7784,-47.40859999999998,
uk156,2007-09-03,12,-62.7784,-47.40859999999998,
uk156,2007-09-03,24,-62.77705383300781,-47.41356658935547,25.75846078830957
uk156,2007-09-03,48,-62.77574157714844,-47.42101287841797,26.47446439176784
uk176,2007-09-16,6,-65.60401659372357,91.1750756639999,
uk176,2007-09-16,12,-65.56430563955588,91.23975341492178,
uk176,2007-09-16,24,-65.61407470703125,91.14773559570312,25.75846078830957
uk176,2007-09-16,48,-65.58126831054688,91.52033996582033,26.47446439176784
a22a,2007-10-23,6,-48.59721375220567,-16.212559159457555,
a22a,2007-10-23,12,-48.565601781802265,-16.158086507099256,
a22a,2007-10-23,24,-48.53246688842773,-16.081295013427734,25.75846078830957
a22a,2007-10-23,48,-48.458404541015625,-16.231584548950195,26.47446439176784
uk160,2007-11-25,6,-51.88209202973288,-16.295874389012624,
uk160,2007-11-25,12,-51.87732295486353,-16.089490913460054,
uk160,2007-11-25,24,-51.88253021240234,-17.04497528076172,25.75846078830957
uk160,2007-11-25,48,-51.8754997253418,-15.20822525024414,26.47446439176784
a43g,2007-11-25,6,-63.92277403400966,-52.52414780173911,
a43g,2007-11-25,12,-63.92554794943874,-52.52829642421688,
a43g,2007-11-25,24,-63.83242034912109,-52.44482421875,25.75846078830957
a43g,2007-11-25,48,-63.74768829345703,-52.889869689941406,26.47446439176784
uk158,2007-12-01,6,-68.3302,-47.0589,
uk158,2007-12-01,12,-68.3302,-47.0589,
uk158,2007-12-01,24,-68.32884979248047,-47.06386566162109,25.75846078830957
uk158,2007-12-01,48,-68.3275375366211,-47.0713119506836,26.47446439176784
uk136,2007-12-17,6,-65.5136,-54.5881,
uk136,2007-12-17,12,-65.5136,-54.5881,
uk136,2007-12-17,24,-65.51225280761719,-54.59306716918945,25.75846078830957
uk136,2007-12-17,48,-65.51094055175781,-54.60051345825195,26.47446439176784
uk159,2007-12-19,6,-68.08136283501453,-54.14868896596562,
uk159,2007-12-19,12,-68.072817126318,-54.11110579066275,
uk159,2007-12-19,24,-68.06065368652344,-54.22921371459961,25.75846078830957
uk159,2007-12-19,48,-68.0418930053711,-54.07360076904297,26.47446439176784
uk166,2007-12-20,6,-71.45516878427672,-54.57121432156788,
uk166,2007-12-20,12,-71.44199183375557,-54.4780562393031,
uk166,2007-12-20,24,-71.4237060546875,-54.643516540527344,25.75846078830957
uk166,2007-12-20,48,-71.37464904785156,-54.67548370361328,26.47446439176784
uk180,2008-01-07,6,-75.30990000000001,-36.5532,
uk180,2008-01-07,12,-75.30990000000001,-36.5532,
uk180,2008-01-07,24,-75.30854797363281,-36.55816650390625,25.75846078830957
uk180,2008-01-07,48,-75.30723571777344,-36.56561279296875,26.47446439176784
uk161,2008-01-31,6,-68.11455001970116,39.78047487503443,
uk161,2008-01-31,12,-68.11260002627279,39.78194950017644,
uk161,2008-01-31,24,-68.11135864257812,39.99253082275391,25.75846078830957
uk161,2008-01-31,48,-68.10651397705078,39.92267227172852,26.47446439176784
uk234,2008-01-31,6,-59.2883,-51.22969999999998,
uk234,2008-01-31,12,-59.2883,-51.22969999999998,
uk234,2008-01-31,24,-59.28695297241211,-51.23466491699219,25.75846078830957
uk234,2008-01-31,48,-59.285640716552734,-51.24211120605469,26.47446439176784
uk190,2008-02-07,6,-60.53881536940067,-31.022823272364235,
uk190,2008-02-07,12,-60.5373204948257,-31.059843136560342,
uk190,2008-02-07,24,-60.53995132446289,-32.03980255126953,25.75846078830957
uk190,2008-02-07,48,-60.53525161743164,-31.67956924438477,26.47446439176784
uk170,2008-03-11,6,-69.43846154784686,16.920921433512717,
uk170,2008-03-11,12,-69.41121543596125,16.884435479500553,
uk170,2008-03-11,24,-69.43146514892578,16.26318359375,25.75846078830957
uk170,2008-03-11,48,-69.39773559570312,16.338184356689453,26.47446439176784
uk191,2008-03-12,6,-61.04459712815351,161.64584026962052,
uk191,2008-03-12,12,-61.05832937083616,161.73956189164176,
uk191,2008-03-12,24,-61.02296447753906,161.33584594726562,25.75846078830957
uk191,2008-03-12,48,-61.02764892578125,161.4142608642578,26.47446439176784
uk155,2008-03-15,6,-69.8516,1.2477999999999838,
uk155,2008-03-15,12,-69.8516,1.2477999999999838,
uk155,2008-03-15,24,-69.84770965576172,1.392119526863098,25.75846078830957
uk155,2008-03-15,48,-69.83931732177734,1.5310275554656982,26.47446439176784
uk165,2008-03-18,6,-70.03990910875058,22.72006084358657,
uk165,2008-03-18,12,-70.04857858442755,22.562089052702618,
uk165,2008-03-18,24,-70.06938171386719,22.58224296569824,25.75846078830957
uk165,2008-03-18,48,-70.09703826904297,22.372800827026367,26.47446439176784
uk196,2008-04-05,6,-65.84639999999999,76.49160000000006,
uk196,2008-04-05,12,-65.84639999999999,76.49160000000006,
uk196,2008-04-05,24,-65.8473892211914,76.32919311523438,25.75846078830957
uk196,2008-04-05,48,-65.8463134765625,76.31764221191406,26.47446439176784
uk188,2008-04-07,6,-69.31720000000001,15.127899999999954,
uk188,2008-04-07,12,-69.31720000000001,15.127899999999954,
uk188,2008-04-07,24,-69.31584930419922,15.122934341430664,25.75846078830957
uk188,2008-04-07,48,-69.31453704833984,15.115486145019531,26.47446439176784
uk189,2008-04-08,6,-67.79192525489107,42.427179629915486,
uk189,2008-04-08,12,-67.8124503392404,42.43246853336734,
uk189,2008-04-08,24,-67.80914306640625,42.52840042114258,25.75846078830957
uk189,2008-04-08,48,-67.83967590332031,42.5390510559082,26.47446439176784
uk240,2008-04-09,6,-63.4971,-53.65229999999997,
uk240,2008-04-09,12,-63.4971,-53.65229999999997,
uk240,2008-04-09,24,-63.49575424194336,-53.65726852416992,25.75846078830957
uk240,2008-04-09,48,-63.494441986083984,-53.66471481323242,26.47446439176784
uk195,2008-04-10,6,-64.1811,106.99569999999994,
uk195,2008-04-10,12,-64.1811,106.99569999999994,
uk195,2008-04-10,24,-64.18133544921875,107.16529846191406,25.75846078830957
uk195,2008-04-10,48,-64.18190002441406,107.01089477539062,26.47446439176784
b15u,2008-04-20,6,-59.64001071736691,179.39940236488576,
b15u,2008-04-20,12,-59.61001432124212,179.3688593692441,
b15u,2008-04-20,24,-59.58401870727539,179.2986297607422,25.75846078830957
b15u,2008-04-20,48,-59.5096435546875,179.54623413085938,26.47446439176784
uk241,2008-04-23,6,-70.1237,-106.3843,
uk241,2008-04-23,12,-70.1237,-106.3843,
uk241,2008-04-23,24,-70.10371398925781,-106.20130157470705,25.75846078830957
uk241,2008-04-23,48,-70.09437561035156,-106.45577239990234,26.47446439176784
a53a,2008-04-25,6,-51.41257547991712,-33.20347631726702,
a53a,2008-04-25,12,-51.38563403617255,-33.15890518015317,
a53a,2008-04-25,24,-51.34577178955078,-33.0196533203125,25.75846078830957
a53a,2008-04-25,48,-51.26338195800781,-33.003639221191406,26.47446439176784
uk254,2008-04-30,6,-65.2579,106.18600000000004,
uk254,2008-04-30,12,-65.2579,106.18600000000004,
uk254,2008-04-30,24,-65.25654602050781,106.1810302734375,25.75846078830957
uk254,2008-04-30,48,-65.25523376464844,106.173583984375,26.47446439176784
uk239,2008-05-13,6,-60.4059,-38.31169999999997,
uk239,2008-05-13,12,-60.4059,-38.31169999999997,
uk239,2008-05-13,24,-60.4045524597168,-38.31666564941406,25.75846078830957
uk239,2008-05-13,48,-60.40324020385742,-38.32411193847656,26.47446439176784
uk242,2008-05-13,6,-64.08912502163,120.79105069950856,
uk242,2008-05-13,12,-64.10255002880912,120.79250279906852,
uk242,2008-05-13,24,-64.10266876220703,120.8544921875,25.75846078830957
uk242,2008-05-13,48,-64.12582397460938,120.82152557373048,26.47446439176784
b15m,2008-05-18,6,-65.32,129.62,
b15m,2008-05-18,12,-65.32,129.62,
b15m,2008-05-18,24,-65.31864929199219,129.6150360107422,25.75846078830957
b15m,2008-05-18,48,-65.31733703613281,129.60757446289062,26.47446439176784
uk243,2008-05-23,6,-58.47793458263202,-42.43060630692946,
uk243,2008-05-23,12,-58.45774617748463,-42.37627504001512,
uk243,2008-05-23,24,-58.435306549072266,-42.39632034301758,25.75846078830957
uk243,2008-05-23,48,-58.36108016967773,-43.37604522705078,26.47446439176784
uk238,2008-06-13,6,-60.40648106803887,-48.76265765260729,
uk238,2008-06-13,12,-60.413208036888186,-48.67768003651344,
uk238,2008-06-13,24,-60.39435195922852,-48.63156509399414,25.75846078830957
uk238,2008-06-13,48,-60.39186096191406,-48.71381378173828,26.47446439176784
uk246,2008-07-18,6,-71.48887815235739,-39.2959158725771,
uk246,2008-07-18,12,-71.4736542095645,-39.27596343684178,
uk246,2008-07-18,24,-71.4718246459961,-39.34016799926758,25.75846078830957
uk246,2008-07-18,48,-71.44341278076172,-39.29254531860352,26.47446439176784
c21a,2008-07-26,6,-54.61445209756254,-40.59987770433838,
c21a,2008-07-26,12,-54.60600279840005,-40.58686081445035,
c21a,2008-07-26,24,-54.59708023071289,-40.5588493347168,25.75846078830957
c21a,2008-07-26,48,-54.56594467163086,-40.51301956176758,26.47446439176784
uk250,2008-08-03,6,-59.832859772713626,-46.83444667749336,
uk250,2008-08-03,12,-59.86501299930194,-46.805036614544576,
uk250,2008-08-03,24,-59.88092803955078,-46.79010009765625,25.75846078830957
uk250,2008-08-03,48,-59.92700958251953,-46.7041244506836,26.47446439176784
uk237,2008-08-03,6,-59.839412564166125,-46.82992352930336,
uk237,2008-08-03,12,-59.86591671940528,-46.796594027892525,
uk237,2008-08-03,24,-59.86909484863281,-46.72496795654297,25.75846078830957
uk237,2008-08-03,48,-59.897647857666016,-46.86683654785156,26.47446439176784
uk236,2008-09-12,6,-57.137596321785246,-39.98206756574479,
uk236,2008-09-12,12,-57.12547898015493,-39.783563463342205,
uk236,2008-09-12,24,-57.10528564453125,-39.56063079833984,25.75846078830957
uk236,2008-09-12,48,-57.1065559387207,-38.92335510253906,26.47446439176784
uk253,2008-09-14,6,-53.71102836172995,-42.73430677093995,
uk253,2008-09-14,12,-53.69365448771085,-42.71792707511224,
uk253,2008-09-14,24,-53.69169616699219,-42.68658065795898,25.75846078830957
uk253,2008-09-14,48,-53.66867065429688,-42.42832946777344,26.47446439176784
uk266,2008-09-16,6,-55.41275009604328,-33.89579768778577,
uk266,2008-09-16,12,-55.38010012835049,-33.89859075516762,
uk266,2008-09-16,24,-55.36273193359375,-33.68570709228516,25.75846078830957
uk266,2008-09-16,48,-55.31868362426758,-34.364044189453125,26.47446439176784
uk255,2008-09-17,6,-51.99147380976396,-40.48613801716806,
uk255,2008-09-17,12,-51.98211512178453,-40.424201884257286,
uk255,2008-09-17,24,-51.97078704833984,-39.73807144165039,25.75846078830957
uk255,2008-09-17,48,-51.95389938354492,-40.03041458129883,26.47446439176784
uk257,2008-10-01,6,-62.07682908890985,100.92668617673144,
uk257,2008-10-01,12,-62.05935545915226,100.90729468146026,
uk257,2008-10-01,24,-62.04792022705078,100.4841079711914,25.75846078830957
uk257,2008-10-01,48,-62.02008438110352,100.35758209228516,26.47446439176784
uk148,2008-10-14,6,-68.02111205673313,-36.727476807792186,
uk148,2008-10-14,12,-67.99051611904319,-36.76375749504911,
uk148,2008-10-14,24,-67.9932632446289,-36.483097076416016,25.75846078830957
uk148,2008-10-14,48,-67.93431854248047,-36.7781982421875,26.47446439176784
uk258,2008-10-21,6,-63.44450186762992,85.47232456924405,
uk258,2008-10-21,12,-63.3899025007943,85.48559842457155,
uk258,2008-10-21,24,-63.34053421020508,85.2512435913086,25.75846078830957
uk258,2008-10-21,48,-63.22693634033203,85.18335723876953,26.47446439176784
uk261,2008-10-25,6,-54.9106,-36.34620000000001,
uk261,2008-10-25,12,-54.9106,-36.34620000000001,
uk261,2008-10-25,24,-54.90925216674805,-36.351165771484375,25.75846078830957
uk261,2008-10-25,48,-54.90793991088867,-36.35861206054688,26.47446439176784
uk259,2008-10-31,6,-61.30047758302684,86.36038711661115,
uk259,2008-10-31,12,-61.27405345088194,86.37564850018339,
uk259,2008-10-31,24,-61.24309539794922,84.47207641601562,25.75846078830957
uk259,2008-10-31,48,-61.2148666381836,85.95545959472656,26.47446439176784
uk269,2008-11-08,6,-56.39017955281789,-26.09057149410762,
uk269,2008-11-08,12,-56.3970560674657,-26.071135968824137,
uk269,2008-11-08,24,-56.39871597290039,-26.18598747253418,25.75846078830957
uk269,2008-11-08,48,-56.407039642333984,-26.028051376342773,26.47446439176784
a58,2008-11-16,6,-70.04642861000133,-72.67928583657346,
a58,2008-11-16,12,-70.04285721714821,-72.67857191833428,
a58,2008-11-16,24,-70.0392074584961,-72.2540512084961,25.75846078830957
a58,2008-11-16,48,-70.03097534179688,-72.39275360107422,26.47446439176784
b15d,2008-11-25,6,-49.01170375237904,-37.32020163832766,
b15d,2008-11-25,12,-48.9597906136748,-37.12890142021911,
b15d,2008-11-25,24,-49.000335693359375,-37.46998596191406,25.75846078830957
b15d,2008-11-25,48,-48.84537506103516,-36.63864135742188,26.47446439176784
uk177,2008-11-25,6,-50.88382704206224,-32.90337631262503,
uk177,2008-11-25,12,-50.88291939385321,-32.83965506064169,
uk177,2008-11-25,24,-50.87498474121094,-33.843528747558594,25.75846078830957
uk177,2008-11-25,48,-50.85967254638672,-33.94684219360352,26.47446439176784
uk248,2008-12-09,6,-51.936573081232375,-37.499435201782376,
uk248,2008-12-09,12,-51.94539738242056,-37.42354047322039,
uk248,2008-12-09,24,-51.93376541137695,-37.45521545410156,25.75846078830957
uk248,2008-12-09,48,-51.938419342041016,-37.035247802734375,26.47446439176784
b15q,2008-12-14,6,-63.23944235283533,97.02941487347778,
b15q,2008-12-14,12,-63.228873156234194,96.9888594126652,
b15q,2008-12-14,24,-63.21881103515625,97.0082550048828,25.75846078830957
b15q,2008-12-14,48,-63.18584060668945,96.86212921142578,26.47446439176784
uk175,2008-12-18,6,-67.54289999999999,70.63670000000002,
uk175,2008-12-18,12,-67.54289999999999,70.63670000000002,
uk175,2008-12-18,24,-67.54154968261719,70.6317367553711,25.75846078830957
uk175,2008-12-18,48,-67.54023742675781,70.6242904663086,26.47446439176784
uk267,2008-12-20,6,-51.72192259477282,-27.99181376582294,
uk267,2008-12-20,12,-51.719342194449375,-27.97302967457597,
uk267,2008-12-20,24,-51.72054672241211,-28.93142318725586,25.75846078830957
uk267,2008-12-20,48,-51.72343444824219,-31.369356155395508,26.47446439176784
uk186,2008-12-25,6,-68.7581,39.539300000000026,
uk186,2008-12-25,12,-68.7581,39.539300000000026,
uk186,2008-12-25,24,-68.75675201416016,39.53433227539063,25.75846078830957
uk186,2008-12-25,48,-68.75543975830078,39.526885986328125,26.47446439176784
uk245,2008-12-26,6,-66.68289431360223,78.47549822064184,
uk245,2008-12-26,12,-66.69794229990916,78.38999214083083,
uk245,2008-12-26,24,-66.67704772949219,78.8768539428711,25.75846078830957
uk245,2008-12-26,48,-66.67202758789062,78.83879089355469,26.47446439176784
uk173,2008-12-31,6,-65.7865,121.32719999999996,
uk173,2008-12-31,12,-65.7865,121.32719999999996,
uk173,2008-12-31,24,-65.78514862060547,121.32223510742188,25.75846078830957
uk173,2008-12-31,48,-65.7838363647461,121.31478881835938,26.47446439176784
uk264,2009-01-09,6,-72.4904,-41.91120000000001,
uk264,2009-01-09,12,-72.4904,-41.91120000000001,
uk264,2009-01-09,24,-72.47261047363281,-41.731353759765625,25.75846078830957
uk264,2009-01-09,48,-72.45527648925781,-41.91287612915039,26.47446439176784
uk268,2009-01-13,6,-64.76742784111161,94.6086910522547,
uk268,2009-01-13,12,-64.7933035705254,94.5206132831845,
uk268,2009-01-13,24,-64.78351593017578,94.6303939819336,25.75846078830957
uk268,2009-01-13,48,-64.80592346191406,91.86939239501952,26.47446439176784
uk262,2009-01-14,6,-72.27769101082478,-45.88723143200741,
uk262,2009-01-14,12,-72.28027134204882,-45.93317583838223,
uk262,2009-01-14,24,-72.26560974121094,-45.85137939453125,25.75846078830957
uk262,2009-01-14,48,-72.2601318359375,-44.86426544189453,26.47446439176784
uk271,2009-01-20,6,-66.7895811421565,117.55055448397684,
uk271,2009-01-20,12,-66.78525819256224,117.5251179163672,
uk271,2009-01-20,24,-66.78509521484375,117.43539428710938,25.75846078830957
uk271,2009-01-20,48,-66.77445220947266,117.16027069091795,26.47446439176784
uk275,2009-01-20,6,-50.41110258064043,-25.91041901358335,
uk275,2009-01-20,12,-50.4311034361053,-25.8962260490772,
uk275,2009-01-20,24,-50.41985321044922,-25.7103214263916,25.75846078830957
uk275,2009-01-20,48,-50.44646835327149,-25.60024070739746,26.47446439176784
uk273,2009-01-21,6,-49.193175839241256,-22.61684983311534,
uk273,2009-01-21,12,-49.19215111906731,-22.62489933282916,
uk273,2009-01-21,24,-49.19120407104492,-22.483718872070312,25.75846078830957
uk273,2009-01-21,48,-49.1858024597168,-22.69938850402832,26.47446439176784
a43f,2009-01-21,6,-50.78540648547372,-25.289009435616663,
a43f,2009-01-21,12,-50.80500863559944,-25.3115377560772,
a43f,2009-01-21,24,-50.76237487792969,-25.0471134185791,25.75846078830957
a43f,2009-01-21,48,-50.78092575073242,-25.33181571960449,26.47446439176784
uk274,2009-01-22,6,-49.98162763016845,-25.11948713573645,
uk274,2009-01-22,12,-50.02485349640661,-25.10514852719996,
uk274,2009-01-22,24,-50.02056503295898,-25.173200607299805,25.75846078830957
uk274,2009-01-22,48,-50.076847076416016,-25.21068954467773,26.47446439176784
uk265,2009-02-07,6,-71.62375030108079,-34.89099988592494,
uk265,2009-02-07,12,-71.62340040145524,-34.897199543968725,
uk265,2009-02-07,24,-71.61774444580078,-35.9890022277832,25.75846078830957
uk265,2009-02-07,48,-71.60584259033203,-34.81338882446289,26.47446439176784
uk283,2009-02-13,6,-67.5094047834391,73.55011493995653,
uk283,2009-02-13,12,-67.52947291675252,73.62726041607709,
uk283,2009-02-13,24,-67.55659484863281,73.519775390625,25.75846078830957
uk283,2009-02-13,48,-67.57816314697266,73.48868560791016,26.47446439176784
uk278,2009-02-15,6,-66.51881467340601,-22.368603252625466,
uk278,2009-02-15,12,-66.58398243199723,-22.60243094987732,
uk278,2009-02-15,24,-66.60799407958984,-22.3658390045166,25.75846078830957
uk278,2009-02-15,48,-66.70763397216797,-22.84344291687012,26.47446439176784
uk279,2009-02-17,6,-63.07903128095677,-30.280963123709,
uk279,2009-02-17,12,-63.06485838385109,-30.305302526035405,
uk279,2009-02-17,24,-63.04695129394531,-30.149402618408203,25.75846078830957
uk279,2009-02-17,48,-63.01634979248047,-29.60203742980957,26.47446439176784
uk277,2009-03-08,6,-66.52516916890524,-51.7630379570378,
uk277,2009-03-08,12,-66.57352545338392,-51.71800118619916,
uk277,2009-03-08,24,-66.56013488769531,-51.84396743774414,25.75846078830957
uk277,2009-03-08,48,-66.62230682373047,-51.54737091064453,26.47446439176784
uk194,2009-03-19,6,-68.78552544833701,-151.88482439923416,
uk194,2009-03-19,12,-68.78365059788437,-151.89194759749182,
uk194,2009-03-19,24,-68.78313446044922,-151.9764404296875,25.75846078830957
uk194,2009-03-19,48,-68.77928161621094,-151.92123413085938,26.47446439176784
uk185,2009-03-19,6,-66.07799209411456,50.88129466391592,
uk185,2009-03-19,12,-66.09637275705923,50.83922850983674,
uk185,2009-03-19,24,-66.1119155883789,50.34424591064453,25.75846078830957
uk185,2009-03-19,48,-66.1551284790039,50.47166061401367,26.47446439176784
b15a,2009-03-27,6,-53.3497036405812,-147.4027506920536,
b15a,2009-03-27,12,-53.35300541253096,-147.41770370087602,
b15a,2009-03-27,24,-53.30467987060547,-147.4221954345703,25.75846078830957
b15a,2009-03-27,48,-53.334259033203125,-148.19883728027344,26.47446439176784
c19a,2009-04-01,6,-58.947025716512826,-98.39461484981872,
c19a,2009-04-01,12,-58.99145095224522,-98.38670936547489,
c19a,2009-04-01,24,-58.8974838256836,-98.8654556274414,25.75846078830957
c19a,2009-04-01,48,-58.91782760620117,-98.1420669555664,26.47446439176784
uk282,2009-04-02,6,-65.41850036247716,132.46645087715422,
uk282,2009-04-02,12,-65.42230048315182,132.47250350924242,
uk282,2009-04-02,24,-65.42326354980469,132.1749267578125,25.75846078830957
uk282,2009-04-02,48,-65.42178344726562,132.43821716308594,26.47446439176784
uk270,2009-04-05,6,-73.3216750103641,-107.51379985844306,
uk270,2009-04-05,12,-73.31965001382184,-107.51499943383504,
uk270,2009-04-05,24,-73.32022094726562,-107.4047393798828,25.75846078830957
uk270,2009-04-05,48,-73.32282257080078,-107.32213592529295,26.47446439176784
a43k,2009-04-05,6,-51.520726406026085,-11.04068600246012,
a43k,2009-04-05,12,-51.49491866311968,-10.97734378872235,
a43k,2009-04-05,24,-51.53600692749024,-11.078956604003906,25.75846078830957
a43k,2009-04-05,48,-51.49959945678711,-10.77532958984375,26.47446439176784
uk247,2009-04-13,6,-55.475390393350665,-35.466977783627954,
uk247,2009-04-13,12,-55.49065379997952,-35.409410959266665,
uk247,2009-04-13,24,-55.441776275634766,-35.930267333984375,25.75846078830957
uk247,2009-04-13,48,-55.44101333618164,-34.96199035644531,26.47446439176784
uk280,2009-04-18,6,-64.32850033221774,-144.33679553090406,
uk280,2009-04-18,12,-64.3069004437216,-144.34248213457397,
uk280,2009-04-18,24,-64.32427978515625,-144.46400451660156,25.75846078830957
uk280,2009-04-18,48,-64.21932983398438,-144.61668395996094,26.47446439176784
uk285,2009-05-18,6,-61.69783021735088,-49.494948497504026,
uk285,2009-05-18,12,-61.69995695534507,-49.473093979868906,
uk285,2009-05-18,24,-61.716915130615234,-49.372520446777344,25.75846078830957
uk285,2009-05-18,48,-61.71224594116211,-49.30815887451172,26.47446439176784
uk281,2009-05-20,6,-57.695159842163314,156.10629555741343,
uk281,2009-05-20,12,-57.63976357026673,156.19053323295884,
uk281,2009-05-20,24,-57.63862991333008,156.00071716308594,25.75846078830957
uk281,2009-05-20,48,-57.49515914916992,156.41970825195312,26.47446439176784
uk183,2009-06-20,6,-65.59852866885934,53.28759986824184,
uk183,2009-06-20,12,-65.5983548918833,53.30689948023473,
uk183,2009-06-20,24,-65.59506225585938,53.33370590209961,25.75846078830957
uk183,2009-06-20,48,-65.5892562866211,53.24037551879883,26.47446439176784
uk263,2009-07-25,6,-68.47170115636307,-50.11552937832772,
uk263,2009-07-25,12,-68.4630015430209,-50.10416750606919,
uk263,2009-07-25,24,-68.4773178100586,-50.08306121826172,25.75846078830957
uk263,2009-07-25,48,-68.47064971923828,-50.10197448730469,26.47446439176784
uk288,2009-07-28,6,-64.6821046996784,95.3029476967589,
uk288,2009-07-28,12,-64.68500626477012,95.2813907763059,
uk288,2009-07-28,24,-64.68058013916016,95.15879821777344,25.75846078830957
uk288,2009-07-28,48,-64.67291259765625,95.51316833496094,26.47446439176784
a55,2009-08-04,6,-63.59875056333632,-56.48774866922224,
a55,2009-08-04,12,-63.59360075141981,-56.49509467800328,
a55,2009-08-04,24,-63.594337463378906,-56.49139022827149,25.75846078830957
a55,2009-08-04,48,-63.58196640014648,-56.42736053466797,26.47446439176784
uk286,2009-08-12,6,-72.62725192722137,-173.12124808644285,
uk286,2009-08-12,12,-72.60150257660263,-173.1052422216556,
uk286,2009-08-12,24,-72.57637786865234,-172.98101806640625,25.75846078830957
uk286,2009-08-12,48,-72.50157928466797,-173.09033203125,26.47446439176784
uk284,2009-09-30,6,-60.46450082120235,-43.10925452864672,
uk284,2009-09-30,12,-60.44730109633544,-43.10071810749639,
uk284,2009-09-30,24,-60.43148422241211,-43.08528900146485,25.75846078830957
uk284,2009-09-30,48,-60.38392639160156,-43.44949722290039,26.47446439176784
c19d,2009-10-14,6,-52.83388021479222,-46.73070913826939,
c19d,2009-10-14,12,-52.79995696933088,-46.75098658064155,
c19d,2009-10-14,24,-52.77268600463867,-46.989376068115234,25.75846078830957
c19d,2009-10-14,48,-52.700592041015625,-47.10288238525391,26.47446439176784
b17b,2009-11-05,6,-52.04547776210436,105.73455022217524,
b17b,2009-11-05,12,-52.04615368263416,105.74930089113718,
b17b,2009-11-05,24,-52.04829025268555,105.7743911743164,25.75846078830957
b17b,2009-11-05,48,-52.04866409301758,106.3281021118164,26.47446439176784
b15s,2009-11-22,6,-65.02333122573394,126.625079089412,
b15s,2009-11-22,12,-65.01895830393443,126.60016634004567,
b15s,2009-11-22,24,-65.01467895507812,127.3813018798828,25.75846078830957
b15s,2009-11-22,48,-64.99777221679688,126.91263580322266,26.47446439176784
uk272,2009-11-22,6,-72.6918,-111.764,
uk272,2009-11-22,12,-72.6918,-111.764,
uk272,2009-11-22,24,-72.6904525756836,-111.76896667480467,25.75846078830957
uk272,2009-11-22,48,-72.68914031982422,-111.7764129638672,26.47446439176784
uk64,2009-11-22,6,-65.5637,124.899,
uk64,2009-11-22,12,-65.5637,124.899,
uk64,2009-11-22,24,-65.56234741210938,124.89403533935548,25.75846078830957
uk64,2009-11-22,48,-65.56103515625,124.88658905029295,26.47446439176784
uk291,2009-11-22,6,-72.85679999999999,-119.7036,
uk291,2009-11-22,12,-72.85679999999999,-119.7036,
uk291,2009-11-22,24,-72.8554458618164,-119.70856475830078,25.75846078830957
uk291,2009-11-22,48,-72.85413360595703,-119.71601104736328,26.47446439176784
c08,2009-11-22,6,-59.52677530653196,-38.857626538534646,
c08,2009-11-22,12,-59.5167504090097,-38.852456152817126,
c08,2009-11-22,24,-59.533836364746094,-38.89540100097656,25.75846078830957
c08,2009-11-22,48,-59.52499008178711,-38.823280334472656,26.47446439176784
uk251,2009-11-22,6,-65.8705,110.34699999999998,
uk251,2009-11-22,12,-65.8705,110.34699999999998,
uk251,2009-11-22,24,-65.86914825439453,110.34203338623048,25.75846078830957
uk251,2009-11-22,48,-65.86783599853516,110.33458709716795,26.47446439176784
uk292,2009-11-22,6,-74.87433169034266,-47.01084152558872,
uk292,2009-11-22,12,-74.87845891609024,-46.97896605728244,
uk292,2009-11-22,24,-74.87063598632812,-47.39112854003906,25.75846078830957
uk292,2009-11-22,48,-74.87004852294922,-47.32338333129883,26.47446439176784
uk294,2009-11-22,6,-74.81113687399508,-51.29886801683034,
uk294,2009-11-22,12,-74.81776581958715,-51.34127218201286,
uk294,2009-11-22,24,-74.8016357421875,-51.345829010009766,25.75846078830957
uk294,2009-11-22,48,-74.79853820800781,-51.22354888916016,26.47446439176784
uk187,2009-11-22,6,-67.5829,43.05679999999995,
uk187,2009-11-22,12,-67.5829,43.05679999999995,
uk187,2009-11-22,24,-67.58155059814453,43.05183410644531,25.75846078830957
uk187,2009-11-22,48,-67.58023834228516,43.04438781738281,26.47446439176784
uk164,2009-11-22,6,-65.745,115.35130000000004,
uk164,2009-11-22,12,-65.745,115.35130000000004,
uk164,2009-11-22,24,-65.74365234375,115.3463363647461,25.75846078830957
uk164,2009-11-22,48,-65.74234008789062,115.3388900756836,26.47446439176784
b15l,2009-11-22,6,-59.7670783991243,-33.6574731752836,
b15l,2009-11-22,12,-59.76355453334197,-33.67474270633261,
b15l,2009-11-22,24,-59.76106262207031,-33.467559814453125,25.75846078830957
b15l,2009-11-22,48,-59.747840881347656,-33.426570892333984,26.47446439176784
uk276,2009-11-22,6,-65.3127,-60.80380000000002,
uk276,2009-11-22,12,-65.3127,-60.80380000000002,
uk276,2009-11-22,24,-65.31134796142578,-60.80876541137695,25.75846078830957
uk276,2009-11-22,48,-65.3100357055664,-60.81621170043945,26.47446439176784
uk193,2009-11-22,6,-73.032,-110.60590000000002,
uk193,2009-11-22,12,-73.032,-110.60590000000002,
uk193,2009-11-22,24,-73.03064727783203,-110.61087036132812,25.75846078830957
uk193,2009-11-22,48,-73.02933502197266,-110.61831665039062,26.47446439176784
uk157,2009-11-22,6,-72.87811830335315,-47.47836387276362,
uk157,2009-11-22,12,-72.87322441725969,-47.428555339303216,
uk157,2009-11-22,24,-72.86428833007812,-47.15888595581055,25.75846078830957
uk157,2009-11-22,48,-72.84178161621094,-47.31703186035156,26.47446439176784
c18a,2009-11-22,6,-56.1495919866244,-37.011068090354456,
c18a,2009-11-22,12,-56.21927253647697,-37.04877267772446,
c18a,2009-11-22,24,-56.19464111328125,-36.98137664794922,25.75846078830957
c18a,2009-11-22,48,-56.300777435302734,-36.85118103027344,26.47446439176784
uk256,2009-11-22,6,-72.8665,-119.64570000000003,
uk256,2009-11-22,12,-72.8665,-119.64570000000003,
uk256,2009-11-22,24,-72.86515045166016,-119.65066528320312,25.75846078830957
uk256,2009-11-22,48,-72.86383819580078,-119.65811157226562,26.47446439176784
uk293,2009-11-22,6,-72.69513493143224,-51.49356470326484,
uk293,2009-11-22,12,-72.6879632519786,-51.45705873751888,
uk293,2009-11-22,24,-72.69869232177734,-51.64143753051758,25.75846078830957
uk293,2009-11-22,48,-72.68975830078125,-51.35874176025391,26.47446439176784
uk295,2009-11-23,6,-65.58422533723726,56.18145084906314,
uk295,2009-11-23,12,-65.58045044978977,56.17560339565921,
uk295,2009-11-23,24,-65.57462310791016,56.13987731933594,25.75846078830957
uk295,2009-11-23,48,-65.57244110107422,56.56434631347656,26.47446439176784
uk172,2009-11-23,6,-66.89520000000002,150.0698,
uk172,2009-11-23,12,-66.89520000000002,150.0698,
uk172,2009-11-23,24,-66.89385223388672,150.06483459472656,25.75846078830957
uk172,2009-11-23,48,-66.89253997802734,150.057373046875,26.47446439176784
uk249,2009-11-23,6,-69.1041,76.54970000000003,
uk249,2009-11-23,12,-69.1041,76.54970000000003,
uk249,2009-11-23,24,-69.10275268554688,76.54473114013672,25.75846078830957
uk249,2009-11-23,48,-69.1014404296875,76.53728485107422,26.47446439176784
uk289,2009-11-23,6,-66.6733,79.68039999999996,
uk289,2009-11-23,12,-66.6733,79.68039999999996,
uk289,2009-11-23,24,-66.67195129394531,79.67543029785156,25.75846078830957
uk289,2009-11-23,48,-66.67063903808594,79.66798400878906,26.47446439176784
uk145,2009-11-23,6,-66.4895,57.84159999999997,
uk145,2009-11-23,12,-66.4895,57.84159999999997,
uk145,2009-11-23,24,-66.48815155029297,57.83663177490234,25.75846078830957
uk145,2009-11-23,48,-66.4868392944336,57.82918548583984,26.47446439176784
uk297,2009-11-23,6,-65.10997434703182,150.04762185228628,
uk297,2009-11-23,12,-65.09483250277822,150.09688757995843,
uk297,2009-11-23,24,-65.07951354980469,149.9760284423828,25.75846078830957
uk297,2009-11-23,48,-65.0295181274414,149.50070190429688,26.47446439176784
a60,2010-01-24,6,-70.26995077237481,-72.97008620664201,
a60,2010-01-24,12,-70.2699015447084,-72.97017241287097,
a60,2010-01-24,24,-70.26445770263672,-71.93582916259766,25.75846078830957
a60,2010-01-24,48,-70.25221252441406,-72.31061553955078,26.47446439176784
c27,2010-03-14,6,-64.67999999999999,96.73000000000002,
c27,2010-03-14,12,-64.67999999999999,96.73000000000002,
c27,2010-03-14,24,-64.67864990234375,96.72503662109376,25.75846078830957
c27,2010-03-14,48,-64.67733764648438,96.71759033203124,26.47446439176784
c28,2010-03-28,6,-65.99330689782529,142.89338199479357,
c28,2010-03-28,12,-65.98660920223956,142.86677795409764,
c28,2010-03-28,24,-65.97795867919922,142.82484436035156,25.75846078830957
c28,2010-03-28,48,-65.95148468017578,142.93753051757812,26.47446439176784
b15i,2010-05-16,6,-62.43701741830412,172.01248461016758,
b15i,2010-05-16,12,-62.44400687072239,172.07499849229532,
b15i,2010-05-16,24,-62.43905258178711,170.28668212890625,25.75846078830957
b15i,2010-05-16,48,-62.43825149536133,171.4049835205078,26.47446439176784
b15v,2010-06-27,6,-65.69840004434158,55.42787513141548,
b15v,2010-06-27,12,-65.69680005912996,55.42575052562643,
b15v,2010-06-27,24,-65.69405364990234,55.42521286010742,25.75846078830957
b15v,2010-06-27,48,-65.6876449584961,55.664649963378906,26.47446439176784
c26,2011-02-13,6,-60.89778342843055,-179.56256219364332,
c26,2011-02-13,12,-60.82556129827597,-179.5352483671262,
c26,2011-02-13,24,-60.7427864074707,-179.51551818847656,25.75846078830957
c26,2011-02-13,48,-60.56391143798828,-179.45652770996094,26.47446439176784
a59,2011-02-27,6,-70.74073165639173,-76.10142397146353,
a59,2011-02-27,12,-70.74145887456216,-76.07284586038554,
a59,2011-02-27,24,-70.7391357421875,-76.088134765625,25.75846078830957
a59,2011-02-27,48,-70.73997497558594,-75.93824005126953,26.47446439176784
b09e,2011-06-26,6,-66.48000000503531,142.93927500000007,
b09e,2011-06-26,12,-66.48000000671374,142.93854999999996,
b09e,2011-06-26,24,-66.47923278808594,142.86325073242188,25.75846078830957
b09e,2011-06-26,48,-66.4781723022461,142.8720245361328,26.47446439176784
b15w,2011-10-02,6,-54.132727508365136,85.15299465076146,
b15w,2011-10-02,12,-54.115436721956286,85.10602850410066,
b15w,2011-10-02,24,-54.09528732299805,85.02578735351562,25.75846078830957
b15w,2011-10-02,48,-54.05109786987305,88.2851791381836,26.47446439176784
a27,2011-10-23,6,-68.7636251596537,-57.54575121676811,
a27,2011-10-23,12,-68.75725021299459,-57.541504865808406,
a27,2011-10-23,24,-68.75236511230469,-57.49550247192383,25.75846078830957
a27,2011-10-23,48,-68.73517608642578,-57.44625854492188,26.47446439176784
uk318,2011-11-18,6,-64.26254225172764,-32.61677826695524,
uk318,2011-11-18,12,-64.28157296723951,-32.65791319603528,
uk318,2011-11-18,24,-64.27582550048828,-32.46255874633789,25.75846078830957
uk318,2011-11-18,48,-64.29280090332031,-32.807334899902344,26.47446439176784
b15n,2011-11-20,6,-54.79742896441896,93.81772566665256,
b15n,2011-11-20,12,-54.85215526553704,93.7997025956397,
b15n,2011-11-20,24,-54.8289680480957,93.7376708984375,25.75846078830957
b15n,2011-11-20,48,-54.8965072631836,93.94363403320312,26.47446439176784
b15j1,2011-12-20,6,-54.134770313445536,-154.13692792254938,
b15j1,2011-12-20,12,-54.13281042625293,-154.07656151380394,
b15j1,2011-12-20,24,-54.11380386352539,-153.19349670410156,25.75846078830957
b15j1,2011-12-20,48,-54.10957336425781,-153.9755859375,26.47446439176784
uk304,2011-12-28,6,-64.41061873787883,79.32664344916213,
uk304,2011-12-28,12,-64.37725874015108,79.43412553376481,
uk304,2011-12-28,24,-64.38910675048828,79.05951690673828,25.75846078830957
uk304,2011-12-28,48,-64.31935119628906,79.94145202636719,26.47446439176784
b15j,2012-01-09,6,-52.7462395312176,-144.84233999916404,
b15j,2012-01-09,12,-52.69476944361556,-144.808559886917,
b15j,2012-01-09,24,-52.64251327514648,-144.82786560058594,25.75846078830957
b15j,2012-01-09,48,-52.5274658203125,-144.59754943847656,26.47446439176784
a43d,2012-02-05,6,-66.96362578934487,-59.79085239417225,
a43d,2012-02-05,12,-66.95725105303464,-59.78170957384623,
a43d,2012-02-05,24,-66.95130920410156,-59.74468612670898,25.75846078830957
a43d,2012-02-05,48,-66.93146514892578,-59.68441390991211,26.47446439176784
uk174,2012-03-11,6,-65.54621881213366,106.95120146336046,
uk174,2012-03-11,12,-65.55785826454616,106.84130444991877,
uk174,2012-03-11,24,-65.57371520996094,106.63302612304688,25.75846078830957
uk174,2012-03-11,48,-65.59971618652344,106.21812438964844,26.47446439176784
uk319,2012-09-27,6,-56.60198486980658,-13.201738112734231,
uk319,2012-09-27,12,-56.61766314507939,-13.173052419819896,
uk319,2012-09-27,24,-56.5909309387207,-11.3104248046875,25.75846078830957
uk319,2012-09-27,48,-56.60369491577149,-12.91244125366211,26.47446439176784
b21a,2012-12-02,6,-74.19088134094193,-137.6733182297686,
b21a,2012-12-02,12,-74.18115846397359,-137.64297284722318,
b21a,2012-12-02,24,-74.1904296875,-137.718017578125,25.75846078830957
b21a,2012-12-02,48,-74.17192077636719,-137.6056671142578,26.47446439176784
b15g,2012-12-14,6,-70.43262552545104,-7.946975518736622,
b15g,2012-12-14,12,-70.433950700512,-7.954952075613164,
b15g,2012-12-14,24,-70.43578338623047,-7.769163131713867,25.75846078830957
b15g,2012-12-14,48,-70.44404602050781,-7.421558380126953,26.47446439176784
uk320,2013-01-19,6,-63.287526488421136,-50.35969660521431,
uk320,2013-01-19,12,-63.2957519832824,-50.34778641632533,
uk320,2013-01-19,24,-63.279884338378906,-50.31995391845703,25.75846078830957
uk320,2013-01-19,48,-63.28417205810547,-50.283294677734375,26.47446439176784
c19c1,2013-01-25,6,-53.72005098916476,-35.69369986258607,
c19c1,2013-01-25,12,-53.72070131882676,-35.68479944978219,
c19c1,2013-01-25,24,-53.7170524597168,-37.50852584838867,25.75846078830957
c19c1,2013-01-25,48,-53.711402893066406,-35.45635223388672,26.47446439176784
uk290,2013-02-05,6,-64.76925032506782,-57.37327717582906,
uk290,2013-02-05,12,-64.77960043306035,-57.37895870609481,
uk290,2013-02-05,24,-64.76502990722656,-57.56264114379883,25.75846078830957
uk290,2013-02-05,48,-64.7713394165039,-57.499610900878906,26.47446439176784
c14a,2013-02-22,6,-65.54510009177248,123.24715024581076,
c14a,2013-02-22,12,-65.54720012234212,123.25020098333437,
c14a,2013-02-22,24,-65.54796600341797,123.59444427490234,25.75846078830957
c14a,2013-02-22,48,-65.55653381347656,123.5585708618164,26.47446439176784
c19c,2013-03-31,6,-44.45003313873495,0.2527191220674467,
c19c,2013-03-31,12,-44.4362608621009,0.2776264973180105,
c19c,2013-03-31,24,-44.42208099365234,0.5358716249465942,25.75846078830957
c19c,2013-03-31,48,-44.37519836425781,0.5544981360435486,26.47446439176784
b15f,2013-04-22,6,-51.17245749580989,-25.60789031973832,
b15f,2013-04-22,12,-51.154010007096566,-25.632061294901064,
b15f,2013-04-22,24,-51.15901565551758,-24.95897674560547,25.75846078830957
b15f,2013-04-22,48,-51.12149810791016,-24.373300552368164,26.47446439176784
a62,2013-08-18,6,-54.12045000699249,-30.93084996289997,
a62,2013-08-18,12,-54.12250000932198,-30.930099851596083,
a62,2013-08-18,24,-54.125736236572266,-30.68512916564941,25.75846078830957
a62,2013-08-18,48,-54.1328125,-30.721939086914062,26.47446439176784
d14,2013-08-19,6,-69.52023192098046,75.17801038002142,
d14,2013-08-19,12,-69.52805922124642,75.20644155765694,
d14,2013-08-19,24,-69.50791931152344,75.04381561279297,25.75846078830957
d14,2013-08-19,48,-69.51009368896484,75.25553894042969,26.47446439176784
a62a,2013-08-22,6,-53.85851575435807,-25.8038723057266,
a62a,2013-08-22,12,-53.831287838239234,-25.73143886123989,
a62a,2013-08-22,24,-53.80897521972656,-25.65757369995117,25.75846078830957
a62a,2013-08-22,48,-53.73419189453125,-25.28313636779785,26.47446439176784
uk314,2013-09-30,6,-65.40722590830029,125.72377395006949,
uk314,2013-09-30,12,-65.40435121135319,125.7333458015264,
uk314,2013-09-30,24,-65.40457153320312,126.80242919921876,25.75846078830957
uk314,2013-09-30,48,-65.3996810913086,125.83584594726562,26.47446439176784
uk192,2013-09-30,6,-65.35995068755851,127.02927416065688,
uk192,2013-09-30,12,-65.3626009165452,127.02094664177936,
uk192,2013-09-30,24,-65.36099243164062,127.03683471679688,25.75846078830957
uk192,2013-09-30,48,-65.36992645263672,126.84406280517578,26.47446439176784
d20,2013-10-18,6,-69.2667,36.64999999999998,
d20,2013-10-18,12,-69.2667,36.64999999999998,
d20,2013-10-18,24,-69.26535034179688,36.64503479003906,25.75846078830957
d20,2013-10-18,48,-69.2640380859375,36.63758850097656,26.47446439176784
b15b,2014-01-07,6,-47.568327317735466,-6.485094114465255,
b15b,2014-01-07,12,-47.53293651232632,-6.530726535201666,
b15b,2014-01-07,24,-47.49784851074219,-6.907744884490967,25.75846078830957
b15b,2014-01-07,48,-47.39715576171875,-7.720968723297119,26.47446439176784
uk052,2014-01-21,6,-65.33458410054033,103.02401703497856,
uk052,2014-01-21,12,-65.33606820085906,103.02383404931538,
uk052,2014-01-21,24,-65.35641479492188,103.19127655029295,25.75846078830957
uk052,2014-01-21,48,-65.36351013183594,102.7306671142578,26.47446439176784
uk52,2014-01-21,6,-65.33458410054033,103.02401703497856,
uk52,2014-01-21,12,-65.33606820085906,103.02383404931538,
uk52,2014-01-21,24,-65.35641479492188,103.19127655029295,25.75846078830957
uk52,2014-01-21,48,-65.36351013183594,102.7306671142578,26.47446439176784
b27,2014-01-30,6,-55.71723481622292,-130.33306812997614,
b27,2014-01-30,12,-55.743912875483694,-130.24942195347523,
b27,2014-01-30,24,-55.77045822143555,-130.31239318847656,25.75846078830957
b27,2014-01-30,48,-55.80200958251953,-130.1824493408203,26.47446439176784
d21,2014-03-28,6,-66.19999999999999,85.76670000000001,
d21,2014-03-28,12,-66.19999999999999,85.76670000000001,
d21,2014-03-28,24,-66.19864654541016,85.76173400878906,25.75846078830957
d21,2014-03-28,48,-66.19733428955078,85.75428771972656,26.47446439176784
c16,2014-06-06,6,-46.11639116803175,26.16499062939522,
c16,2014-06-06,12,-46.02277169596904,26.199862574755,
c16,2014-06-06,24,-45.9722785949707,26.057641983032227,25.75846078830957
c16,2014-06-06,48,-45.81836318969727,26.11416244506836,26.47446439176784
c28a,2014-08-10,6,-58.9606,87.85559999999998,
c28a,2014-08-10,12,-58.9606,87.85559999999998,
c28a,2014-08-10,24,-58.95925521850586,87.85063171386719,25.75846078830957
c28a,2014-08-10,48,-58.95794296264648,87.84318542480469,26.47446439176784
uk321b,2014-10-11,6,-52.969760319203566,-31.310159416320914,
uk321b,2014-10-11,12,-52.966313810909206,-31.197336547718635,
uk321b,2014-10-11,24,-52.98571395874024,-31.522951126098636,25.75846078830957
uk321b,2014-10-11,48,-53.01544952392578,-31.66717529296875,26.47446439176784
uk321,2014-11-05,6,-55.01515000406656,-38.353425042301296,
uk321,2014-11-05,12,-55.01220000542321,-38.3528501691988,
uk321,2014-11-05,24,-55.011173248291016,-38.349735260009766,25.75846078830957
uk321,2014-11-05,48,-55.00176239013672,-38.30408477783203,26.47446439176784
uk315,2014-12-15,6,-65.7477,92.50430000000006,
uk315,2014-12-15,12,-65.7477,92.50430000000006,
uk315,2014-12-15,24,-65.73837280273438,92.62141418457033,25.75846078830957
uk315,2014-12-15,48,-65.7248306274414,92.53292846679688,26.47446439176784
uk322,2015-03-30,6,-66.7784,-57.14659999999998,
uk322,2015-03-30,12,-66.7784,-57.14659999999998,
uk322,2015-03-30,24,-66.75675964355469,-57.035186767578125,25.75846078830957
uk322,2015-03-30,48,-66.73685455322266,-56.77511215209961,26.47446439176784
b33,2015-05-25,6,-74.4475,-103.4816,
b33,2015-05-25,12,-74.4475,-103.4816,
b33,2015-05-25,24,-74.44615173339844,-103.48656463623048,25.75846078830957
b33,2015-05-25,48,-74.44483947753906,-103.49401092529295,26.47446439176784
uk316,2015-05-25,6,-65.88062184210025,140.01075862425523,
uk316,2015-05-25,12,-65.87579582814962,140.09648514741798,
uk316,2015-05-25,24,-65.87307739257812,139.918701171875,25.75846078830957
uk316,2015-05-25,48,-65.86370086669922,140.0334014892578,26.47446439176784
uk93,2015-05-25,6,-66.62610000000001,80.63210000000004,
uk93,2015-05-25,12,-66.62610000000001,80.63210000000004,
uk93,2015-05-25,24,-66.62474822998047,80.62713623046875,25.75846078830957
uk93,2015-05-25,48,-66.6234359741211,80.61968994140625,26.47446439176784
uk093,2015-05-25,6,-66.62610000000001,80.63210000000004,
uk093,2015-05-25,12,-66.62610000000001,80.63210000000004,
uk093,2015-05-25,24,-66.62474822998047,80.62713623046875,25.75846078830957
uk093,2015-05-25,48,-66.6234359741211,80.61968994140625,26.47446439176784
c28a2,2015-05-25,6,-66.113,124.13200000000006,
c28a2,2015-05-25,12,-66.113,124.13200000000006,
c28a2,2015-05-25,24,-66.1112289428711,124.1380844116211,25.75846078830957
c28a2,2015-05-25,48,-66.10954284667969,124.10346221923828,26.47446439176784
b09c,2015-06-22,6,-65.6507,54.117399999999975,
b09c,2015-06-22,12,-65.6507,54.117399999999975,
b09c,2015-06-22,24,-65.65123748779297,54.238380432128906,25.75846078830957
b09c,2015-06-22,48,-65.65135192871094,54.30302047729492,26.47446439176784
b17a,2015-06-29,6,-54.3511,-36.6445,
b17a,2015-06-29,12,-54.3511,-36.6445,
b17a,2015-06-29,24,-54.349754333496094,-36.64946746826172,25.75846078830957
b17a,2015-06-29,48,-54.34844207763672,-36.65691375732422,26.47446439176784
uk323,2015-07-12,6,-65.4971,132.29020000000003,
uk323,2015-07-12,12,-65.4971,132.29020000000003,
uk323,2015-07-12,24,-65.4957504272461,132.28524780273438,25.75846078830957
uk323,2015-07-12,48,-65.49443817138672,132.2777862548828,26.47446439176784
b32,2015-07-12,6,-73.75266442837804,-161.8438272890814,
b32,2015-07-12,12,-73.742619259407,-161.79860899191925,
b32,2015-07-12,24,-73.76025390625,-162.01394653320312,25.75846078830957
b32,2015-07-12,48,-73.75120544433594,-161.84066772460938,26.47446439176784
b36,2015-10-02,6,-74.60586577369344,-104.74849159700165,
b36,2015-10-02,12,-74.59502105822554,-104.7969166021686,
b36,2015-10-02,24,-74.57579040527344,-104.81586456298828,25.75846078830957
b36,2015-10-02,48,-74.54016876220703,-104.4261474609375,26.47446439176784
a57,2016-01-01,6,-71.58736386506641,-59.067165793285085,
a57,2016-01-01,12,-71.64124989862492,-59.25207514299166,
a57,2016-01-01,24,-71.4865493774414,-59.01441955566406,25.75846078830957
a57,2016-01-01,48,-71.47457122802734,-59.00417709350586,26.47446439176784
a65,2016-03-07,6,-51.83540165267666,-35.25530093652429,
a65,2016-03-07,12,-51.83910220300596,-35.266703747330496,
a65,2016-03-07,24,-51.8336181640625,-35.277320861816406,25.75846078830957
a65,2016-03-07,48,-51.83803939819336,-35.33018493652344,26.47446439176784
d24,2016-03-14,6,-66.1527,57.72879999999998,
d24,2016-03-14,12,-66.1527,57.72879999999998,
d24,2016-03-14,24,-66.15135192871094,57.72383499145508,25.75846078830957
d24,2016-03-14,48,-66.15003967285156,57.71638870239258,26.47446439176784
b15r,2016-05-08,6,-55.7578,-9.494199999999978,
b15r,2016-05-08,12,-55.7578,-9.494199999999978,
b15r,2016-05-08,24,-55.76006317138672,-8.544496536254883,25.75846078830957
b15r,2016-05-08,48,-55.75224304199219,-9.378939628601074,26.47446439176784
a67,2016-06-10,6,-75.3922051502844,-33.40494659170969,
a67,2016-06-10,12,-75.36770688754477,-33.3766860562032,
a67,2016-06-10,24,-75.34395599365234,-33.504764556884766,25.75846078830957
a67,2016-06-10,48,-75.26628112792969,-34.094947814941406,26.47446439176784
b15x,2016-07-11,6,-54.942,-35.659400000000005,
b15x,2016-07-11,12,-54.942,-35.659400000000005,
b15x,2016-07-11,24,-54.94065475463867,-35.66436767578125,25.75846078830957
b15x,2016-07-11,48,-54.9393424987793,-35.67181396484375,26.47446439176784
d25,2016-07-17,6,-66.911,32.86770000000001,
d25,2016-07-17,12,-66.911,32.86770000000001,
d25,2016-07-17,24,-66.89200592041016,32.81635665893555,25.75846078830957
d25,2016-07-17,48,-66.88053894042969,32.941123962402344,26.47446439176784
b15y,2016-07-31,6,-54.2279534632928,-42.91752881986787,
b15y,2016-07-31,12,-54.22468795972408,-42.86966519085854,
b15y,2016-07-31,24,-54.23727798461914,-42.59402847290039,25.75846078830957
b15y,2016-07-31,48,-54.23713302612305,-46.81176376342773,26.47446439176784
a56,2016-11-18,6,-48.75782500323661,-13.149499590143591,
a56,2016-11-18,12,-48.7989500043032,-13.148998360263022,
a56,2016-11-18,24,-48.80116271972656,-9.716524124145508,25.75846078830957
a56,2016-11-18,48,-48.85855484008789,-13.26437759399414,26.47446439176784
b15k,2016-12-16,6,-46.70499281270964,-30.414684624513143,
b15k,2016-12-16,12,-46.67667477241685,-30.37940627325031,
b15k,2016-12-16,24,-46.664676666259766,-32.95333480834961,25.75846078830957
b15k,2016-12-16,48,-46.77141571044922,-31.95231819152832,26.47446439176784
b34,2017-04-05,6,-67.132,176.78909999999996,
b34,2017-04-05,12,-67.132,176.78909999999996,
b34,2017-04-05,24,-67.13065338134766,176.7841339111328,25.75846078830957
b34,2017-04-05,48,-67.12934112548828,176.77667236328125,26.47446439176784
a66,2017-04-05,6,-53.1526,-20.247600000000038,
a66,2017-04-05,12,-53.1526,-20.247600000000038,
a66,2017-04-05,24,-53.15125274658203,-20.25256729125977,25.75846078830957
a66,2017-04-05,48,-53.149940490722656,-20.260013580322266,26.47446439176784
d20b,2017-05-31,6,-68.4496,35.790899999999965,
d20b,2017-05-31,12,-68.4496,35.790899999999965,
d20b,2017-05-31,24,-68.44065856933594,35.906253814697266,25.75846078830957
d20b,2017-05-31,48,-68.42938995361328,35.89155197143555,26.47446439176784
uk125,2017-07-30,6,-62.47890000000001,-36.54020000000003,
uk125,2017-07-30,12,-62.47890000000001,-36.54020000000003,
uk125,2017-07-30,24,-62.45518112182617,-36.35266876220703,25.75846078830957
uk125,2017-07-30,48,-62.43350982666016,-35.99839401245117,26.47446439176784
a68,2017-09-22,6,-67.7535,-60.7217,
a68,2017-09-22,12,-67.7535,-60.7217,
a68,2017-09-22,24,-67.75215148925781,-60.72666549682617,25.75846078830957
a68,2017-09-22,48,-67.75083923339844,-60.73411178588867,26.47446439176784
b44,2017-10-23,6,-74.92999999999999,-100.96699999999998,
b44,2017-10-23,12,-74.92999999999999,-100.96699999999998,
b44,2017-10-23,24,-74.92864990234375,-100.9719696044922,25.75846078830957
b44,2017-10-23,48,-74.92733764648438,-100.97941589355467,26.47446439176784
b09h,2017-12-03,6,-59.4425,-35.88159999999999,
b09h,2017-12-03,12,-59.4425,-35.88159999999999,
b09h,2017-12-03,24,-59.44115447998047,-35.886566162109375,25.75846078830957
b09h,2017-12-03,48,-59.43984222412109,-35.894012451171875,26.47446439176784
b35,2017-12-29,6,-67.863,-95.08100000000002,
b35,2017-12-29,12,-67.863,-95.08100000000002,
b35,2017-12-29,24,-67.86338806152344,-94.60993957519533,25.75846078830957
b35,2017-12-29,48,-67.86137390136719,-95.13936614990234,26.47446439176784
d15,2017-12-31,6,-66.5942,81.67790000000002,
d15,2017-12-31,12,-66.5942,81.67790000000002,
d15,2017-12-31,24,-66.59469604492188,81.83920288085938,25.75846078830957
d15,2017-12-31,48,-66.59286499023438,81.84864044189453,26.47446439176784
a61,2018-02-28,6,-55.2637,-14.983600000000024,
a61,2018-02-28,12,-55.2637,-14.983600000000024,
a61,2018-02-28,24,-55.262351989746094,-14.988565444946287,25.75846078830957
a61,2018-02-28,48,-55.26103973388672,-14.996013641357422,26.47446439176784
d21a,2018-03-14,6,-59.671103394813336,-21.778426233061168,
d21a,2018-03-14,12,-59.57120455933749,-21.76135452686572,
d21a,2018-03-14,24,-59.82583618164063,-19.88138961791992,25.75846078830957
d21a,2018-03-14,48,-59.78317642211914,-20.54793357849121,26.47446439176784
b09d,2018-04-13,6,-52.67880040365654,-14.5110548973189,
b09d,2018-04-13,12,-52.64090053961462,-14.505419582026208,
b09d,2018-04-13,24,-52.59514236450195,-14.470827102661133,25.75846078830957
b09d,2018-04-13,48,-52.507110595703125,-14.43706226348877,26.47446439176784
b15z,2018-06-08,6,-50.39303036274518,-39.57961731094747,
b15z,2018-06-08,12,-50.352757170068,-39.55926921911447,
b15z,2018-06-08,24,-50.30205535888672,-39.72867584228516,25.75846078830957
b15z,2018-06-08,48,-50.19780349731445,-39.762691497802734,26.47446439176784
uk326,2018-07-02,6,-69.6373,13.256399999999983,
uk326,2018-07-02,12,-69.6373,13.256399999999983,
uk326,2018-07-02,24,-69.63594818115234,13.251434326171877,25.75846078830957
uk326,2018-07-02,48,-69.63463592529297,13.243986129760742,26.47446439176784
b31a,2018-07-09,6,-53.19667748383716,-53.84246428241187,
b31a,2018-07-09,12,-53.15305332175584,-53.82845710191168,
b31a,2018-07-09,24,-53.12624740600586,-53.67760467529297,25.75846078830957
b31a,2018-07-09,48,-53.04704284667969,-53.721717834472656,26.47446439176784
c28b,2018-08-10,6,-57.7569021414877,-38.83817341355433,
c28b,2018-08-10,12,-57.69390286814991,-38.82479355394298,
c28b,2018-08-10,24,-57.66773223876953,-39.03010559082031,25.75846078830957
c28b,2018-08-10,48,-57.562381744384766,-39.276100158691406,26.47446439176784
b31,2018-09-08,6,-57.53887924075854,-49.35637777544042,
b31,2018-09-08,12,-57.52057254721174,-49.252160051533,
b31,2018-09-08,24,-57.51266479492188,-49.23378372192383,25.75846078830957
b31,2018-09-08,48,-57.44517135620117,-48.61514663696289,26.47446439176784
uk325,2018-11-17,6,-69.9311,16.088899999999967,
uk325,2018-11-17,12,-69.9311,16.088899999999967,
uk325,2018-11-17,24,-69.92974853515625,16.083932876586914,25.75846078830957
uk325,2018-11-17,48,-69.92843627929688,16.076486587524414,26.47446439176784
uka57b,2018-11-23,6,-63.587700000000005,-54.969299999999976,
uka57b,2018-11-23,12,-63.587700000000005,-54.969299999999976,
uka57b,2018-11-23,24,-63.57704925537109,-54.787593841552734,25.75846078830957
uka57b,2018-11-23,48,-63.565032958984375,-54.94871520996094,26.47446439176784
a57b,2018-11-23,6,-64.13497797692388,-53.37885054561326,
a57b,2018-11-23,12,-64.17485395655862,-53.36175207004379,
a57b,2018-11-23,24,-64.12541961669922,-53.26972579956055,25.75846078830957
a57b,2018-11-23,48,-64.13636016845703,-53.41718292236328,26.47446439176784
uk130,2019-01-05,6,-69.67809999999999,11.438800000000017,
uk130,2019-01-05,12,-69.67809999999999,11.438800000000017,
uk130,2019-01-05,24,-69.67675018310547,11.433834075927734,25.75846078830957
uk130,2019-01-05,48,-69.6754379272461,11.426385879516602,26.47446439176784
b15ac,2019-03-09,6,-54.361506593502064,-27.13852039264998,
b15ac,2019-03-09,12,-54.40385728665002,-26.96237686309348,
b15ac,2019-03-09,24,-54.3146858215332,-28.037572860717773,25.75846078830957
b15ac,2019-03-09,48,-54.32347106933594,-28.552898406982425,26.47446439176784
b15t,2019-04-03,6,-54.20539306117461,-24.86922841891692,
b15t,2019-04-03,12,-54.19459089246179,-24.762012670440757,
b15t,2019-04-03,24,-54.19230651855469,-24.222576141357425,25.75846078830957
b15t,2019-04-03,48,-54.15517044067383,-24.493165969848636,26.47446439176784
b09j,2019-05-14,6,-56.0003,-41.94549999999998,
b09j,2019-05-14,12,-56.0003,-41.94549999999998,
b09j,2019-05-14,24,-55.99895477294922,-41.95046615600586,25.75846078830957
b09j,2019-05-14,48,-55.99764251708984,-41.95791244506836,26.47446439176784
b09f,2019-05-28,6,-55.92407510030832,-40.82547727711733,
b09f,2019-05-28,12,-55.95475013345405,-40.828359112402495,
b09f,2019-05-28,24,-55.88905334472656,-41.127872467041016,25.75846078830957
b09f,2019-05-28,48,-55.89640426635742,-40.81101608276367,26.47446439176784
uk235,2019-06-06,6,-77.4035,-35.58370000000002,
uk235,2019-06-06,12,-77.4035,-35.58370000000002,
uk235,2019-06-06,24,-77.39250946044922,-35.46628952026367,25.75846078830957
uk235,2019-06-06,48,-77.37925720214844,-35.55214309692383,26.47446439176784
b30,2019-06-21,6,-65.80545757558563,-131.3054510558943,
b30,2019-06-21,12,-65.82761008215975,-131.27755413590927,
b30,2019-06-21,24,-65.83200073242188,-131.54861450195312,25.75846078830957
b30,2019-06-21,48,-65.86310577392578,-131.7841796875,26.47446439176784
b30b,2019-07-06,6,-65.88056673149565,-127.78266425887176,
b30b,2019-07-06,12,-65.90272226745456,-127.7411568646708,
b30b,2019-07-06,24,-65.90209197998047,-127.79217529296876,25.75846078830957
b30b,2019-07-06,48,-65.92947387695312,-128.34559631347656,26.47446439176784
a57a,2019-08-09,6,-43.52767412410352,-31.47617535742836,
a57a,2019-08-09,12,-43.58851435297804,-31.35210039714224,
a57a,2019-08-09,24,-43.55824279785156,-31.37357711791992,25.75846078830957
a57a,2019-08-09,48,-43.59340286254883,-31.026935577392575,26.47446439176784
b30a,2019-09-27,6,-66.48636046198557,-130.45065431774765,
b30a,2019-09-27,12,-66.48311395314808,-130.4176172321819,
b30a,2019-09-27,24,-66.4766845703125,-130.6423797607422,25.75846078830957
b30a,2019-09-27,48,-66.469482421875,-130.42694091796875,26.47446439176784
d22,2020-01-16,6,-67.2939,66.80830000000003,
d22,2020-01-16,12,-67.2939,66.80830000000003,
d22,2020-01-16,24,-67.29254913330078,66.80332946777344,25.75846078830957
d22,2020-01-16,48,-67.2912368774414,66.79588317871094,26.47446439176784
b16,2020-02-29,6,-58.504054722851166,-22.9673273774971,
b16,2020-02-29,12,-58.50820629524144,-22.987459517910796,
b16,2020-02-29,24,-58.4862174987793,-23.113750457763672,25.75846078830957
b16,2020-02-29,48,-58.4168586730957,-23.01999282836914,26.47446439176784
b15aa,2020-03-16,6,-53.35679999999999,-31.9975,
b15aa,2020-03-16,12,-53.35679999999999,-31.9975,
b15aa,2020-03-16,24,-53.34250259399414,-32.334110260009766,25.75846078830957
b15aa,2020-03-16,48,-53.33031463623047,-32.155731201171875,26.47446439176784
b48,2020-06-09,6,-73.75219999999999,-117.73680000000002,
b48,2020-06-09,12,-73.75219999999999,-117.73680000000002,
b48,2020-06-09,24,-73.75084686279297,-117.74176788330078,25.75846078830957
b48,2020-06-09,48,-73.7495346069336,-117.74921417236328,26.47446439176784
a69,2020-08-03,6,-68.99,-60.80000000000001,
a69,2020-08-03,12,-68.99,-60.80000000000001,
a69,2020-08-03,24,-68.9886474609375,-60.80496597290039,25.75846078830957
a69,2020-08-03,48,-68.98733520507812,-60.81241226196289,26.47446439176784
a68b,2020-09-01,6,-60.318088469983735,-57.66283474035947,
a68b,2020-09-01,12,-60.32665126073256,-57.60433876702314,
a68b,2020-09-01,24,-60.32107925415039,-57.51920700073242,25.75846078830957
a68b,2020-09-01,48,-60.324493408203125,-58.16425704956055,26.47446439176784
b43,2020-09-03,6,-67.51123702576243,165.32391918197982,
b43,2020-09-03,12,-67.4909660626145,165.35987686387432,
b43,2020-09-03,24,-67.50627136230469,165.19480895996094,25.75846078830957
b43,2020-09-03,48,-67.48245239257812,166.98883056640625,26.47446439176784
b49,2020-09-19,6,-74.1424081186321,-106.34563774802712,
b49,2020-09-19,12,-74.13661083199428,-106.37995105383452,
b49,2020-09-19,24,-74.13834381103516,-106.76610565185548,25.75846078830957
b49,2020-09-19,48,-74.12837982177734,-107.01129150390624,26.47446439176784
a68c,2020-12-12,6,-52.8619,-27.787699999999973,
a68c,2020-12-12,12,-52.8619,-27.787699999999973,
a68c,2020-12-12,24,-52.86055374145508,-27.792667388916016,25.75846078830957
a68c,2020-12-12,48,-52.8592414855957,-27.80011367797852,26.47446439176784
c34,2020-12-22,6,-65.7109,82.0385,
c34,2020-12-22,12,-65.7109,82.0385,
c34,2020-12-22,24,-65.70954895019531,82.03353118896484,25.75846078830957
c34,2020-12-22,48,-65.70823669433594,82.02608489990234,26.47446439176784
b41,2020-12-23,6,-68.73809999999999,179.15959999999995,
b41,2020-12-23,12,-68.73809999999999,179.15959999999995,
b41,2020-12-23,24,-68.73674774169922,179.15464782714844,25.75846078830957
b41,2020-12-23,48,-68.73543548583984,179.14718627929688,26.47446439176784
a68f,2020-12-31,6,-56.49000000000001,-35.0,
a68f,2020-12-31,12,-56.49000000000001,-35.0,
a68f,2020-12-31,24,-56.48865509033203,-35.004966735839844,25.75846078830957
a68f,2020-12-31,48,-56.487342834472656,-35.012413024902344,26.47446439176784
ukc33,2021-01-12,6,-65.12038257076614,128.6826807280754,
ukc33,2021-01-12,12,-65.1148600989043,128.6551728876517,
ukc33,2021-01-12,24,-65.11347198486328,128.53384399414062,25.75846078830957
ukc33,2021-01-12,48,-65.09761810302734,128.51034545898438,26.47446439176784
a68d,2021-01-29,6,-55.22212714255101,-34.88299616760588,
a68d,2021-01-29,12,-55.2042362354432,-34.83603456515647,
a68d,2021-01-29,24,-55.18438720703125,-34.977294921875,25.75846078830957
a68d,2021-01-29,48,-55.11708450317383,-35.05510711669922,26.47446439176784
a68l,2021-02-13,6,-56.96639228084329,-33.36000686998159,
a68l,2021-02-13,12,-56.95967305215376,-33.322027430060814,
a68l,2021-02-13,24,-56.95260620117188,-34.015567779541016,25.75846078830957
a68l,2021-02-13,48,-56.92600631713867,-34.09397506713867,26.47446439176784
a68k,2021-02-19,6,-55.42670861578854,-34.32595354655598,
a68k,2021-02-19,12,-55.38334526082436,-34.23211325665227,
a68k,2021-02-19,24,-55.34366226196289,-34.15315246582031,25.75846078830957
a68k,2021-02-19,48,-55.2419319152832,-34.0898323059082,26.47446439176784
a68o,2021-02-19,6,-55.91393057918889,-35.138578358568395,
a68o,2021-02-19,12,-55.90785744210474,-35.11716342491104,
a68o,2021-02-19,24,-55.898738861083984,-35.11760330200195,25.75846078830957
a68o,2021-02-19,48,-55.89233016967773,-34.95757293701172,26.47446439176784
a68i,2021-02-26,6,-52.75283157269151,-34.563020791424265,
a68i,2021-02-26,12,-52.75562541578108,-34.496032933322795,
a68i,2021-02-26,24,-52.737831115722656,-34.2586784362793,25.75846078830957
a68i,2021-02-26,48,-52.75444793701172,-33.923282623291016,26.47446439176784
a68p,2021-02-26,6,-55.638342676195,-34.78090777684383,
a68p,2021-02-26,12,-55.61665698832231,-34.72188089694339,
a68p,2021-02-26,24,-55.575313568115234,-34.84531021118164,25.75846078830957
a68p,2021-02-26,48,-55.4912109375,-34.86820602416992,26.47446439176784
a68n,2021-02-26,6,-55.79209922009013,-34.40194108211392,
a68n,2021-02-26,12,-55.78414901572925,-34.323913924623355,
a68n,2021-02-26,24,-55.78096771240234,-34.53116989135742,25.75846078830957
a68n,2021-02-26,48,-55.75822067260742,-34.41755676269531,26.47446439176784
a72,2021-02-27,6,-69.23050740118309,-60.826018944228,
a72,2021-02-27,12,-69.24460985540375,-60.85527584557013,
a72,2021-02-27,24,-69.22051239013672,-61.06287384033203,25.75846078830957
a72,2021-02-27,48,-69.22718048095703,-61.4585075378418,26.47446439176784
a68e,2021-03-01,6,-53.2041235746334,-39.92922053649943,
a68e,2021-03-01,12,-53.19973144243499,-39.97253221036192,
a68e,2021-03-01,24,-53.18906784057617,-39.28068542480469,25.75846078830957
a68e,2021-03-01,48,-53.17243957519531,-39.002925872802734,26.47446439176784
a73,2021-03-06,6,-68.71,-59.99000000000001,
a73,2021-03-06,12,-68.71,-59.99000000000001,
a73,2021-03-06,24,-68.70084381103516,-59.8822135925293,25.75846078830957
a73,2021-03-06,48,-68.68712615966797,-59.9661750793457,26.47446439176784
a68m,2021-03-12,6,-56.577836838156784,-36.081331617220826,
a68m,2021-03-12,12,-56.555665808987854,-36.11262651938864,
a68m,2021-03-12,24,-56.5229606628418,-36.09367370605469,25.75846078830957
a68m,2021-03-12,48,-56.459285736083984,-36.8813591003418,26.47446439176784
a68g,2021-03-12,6,-55.40899602248938,-35.828551089938685,
a68g,2021-03-12,12,-55.407978032007286,-35.78710430088603,
a68g,2021-03-12,24,-55.40349197387695,-35.97951126098633,25.75846078830957
a68g,2021-03-12,48,-55.39376449584961,-36.31891250610352,26.47446439176784
a68j,2021-03-13,6,-53.727501286266175,-36.01075084478458,
a68j,2021-03-13,12,-53.73100171460408,-36.02090338009617,
a68j,2021-03-13,24,-53.72950744628906,-36.05253601074219,25.75846078830957
a68j,2021-03-13,48,-53.742279052734375,-35.81251525878906,26.47446439176784
a68h,2021-03-13,6,-52.98,-36.39999999999998,
a68h,2021-03-13,12,-52.98,-36.39999999999998,
a68h,2021-03-13,24,-52.95809173583984,-36.0778694152832,25.75846078830957
a68h,2021-03-13,48,-52.93701553344727,-36.17935562133789,26.47446439176784
a68a,2021-04-21,6,-52.6505,-33.01030000000003,
a68a,2021-04-21,12,-52.6505,-33.01030000000003,
a68a,2021-04-21,24,-52.65154266357422,-33.07193756103516,25.75846078830957
a68a,2021-04-21,48,-52.651485443115234,-33.05638122558594,26.47446439176784
d21b,2021-05-11,6,-57.03470005654216,-25.71052507609193,
d21b,2021-05-11,12,-57.03340007539653,-25.70835030435262,
d21b,2021-05-11,24,-57.0301628112793,-25.41056251525879,25.75846078830957
d21b,2021-05-11,48,-57.02223205566406,-17.64888572692871,26.47446439176784
a76,2021-05-23,6,-75.16460000000001,-59.05309999999997,
a76,2021-05-23,12,-75.16460000000001,-59.05309999999997,
a76,2021-05-23,24,-75.14212036132812,-60.313453674316406,25.75846078830957
a76,2021-05-23,48,-75.12928009033203,-59.264678955078125,26.47446439176784
a71,2021-06-17,6,-68.62901244288095,-60.18095620874493,
a71,2021-06-17,12,-68.64771656244665,-60.21847497864513,
a71,2021-06-17,24,-68.6197738647461,-59.96946334838867,25.75846078830957
a71,2021-06-17,48,-68.62202453613281,-59.47019577026367,26.47446439176784
a75,2021-06-21,6,-70.42160000000001,-60.150199999999984,
a75,2021-06-21,12,-70.42160000000001,-60.150199999999984,
a75,2021-06-21,24,-70.42024993896484,-60.15516662597656,25.75846078830957
a75,2021-06-21,48,-70.41893768310547,-60.16261291503906,26.47446439176784
a63,2021-12-12,6,-63.166026920362526,-50.800819914073145,
a63,2021-12-12,12,-63.20875255190154,-50.814379746155055,
a63,2021-12-12,24,-63.20989990234375,-50.66324996948242,25.75846078830957
a63,2021-12-12,48,-63.2696533203125,-50.90642166137695,26.47446439176784
b37,2022-03-11,6,-72.38,-116.3429,
b37,2022-03-11,12,-72.38,-116.3429,
b37,2022-03-11,24,-72.37864685058594,-116.34786987304688,25.75846078830957
b37,2022-03-11,48,-72.37733459472656,-116.35531616210938,26.47446439176784
c38,2022-03-24,6,-65.19770000000001,101.72209999999995,
c38,2022-03-24,12,-65.19770000000001,101.72209999999995,
c38,2022-03-24,24,-65.19635009765625,101.71713256835938,25.75846078830957
c38,2022-03-24,48,-65.19503784179688,101.70968627929688,26.47446439176784
b40,2022-04-06,6,-65.19888158313704,125.44328483858315,
b40,2022-04-06,12,-65.2218253024504,125.36773874704444,
b40,2022-04-06,24,-65.20736694335938,125.08242797851562,25.75846078830957
b40,2022-04-06,48,-65.23594665527344,125.5600814819336,26.47446439176784
a74,2022-05-27,6,-76.88254789248755,-45.37125262827482,
a74,2022-05-27,12,-76.88509404191603,-45.39251336665535,
a74,2022-05-27,24,-76.87567901611328,-45.79700469970703,25.75846078830957
a74,2022-05-27,48,-76.86478424072266,-46.434967041015625,26.47446439176784
a79,2022-06-09,6,-71.09,-60.49000000000001,
a79,2022-06-09,12,-71.09,-60.49000000000001,
a79,2022-06-09,24,-71.0886459350586,-60.49496841430664,25.75846078830957
a79,2022-06-09,48,-71.08733367919922,-60.50241470336914,26.47446439176784
b09i,2022-08-03,6,-55.60755067082218,-19.36341182172316,
b09i,2022-08-03,12,-55.62595076375183,-19.44229772883625,
b09i,2022-08-03,24,-55.57894134521485,-19.44834518432617,25.75846078830957
b09i,2022-08-03,48,-55.58169937133789,-19.58008575439453,26.47446439176784
a69b,2022-09-10,6,-59.0610000304992,-53.00187574734139,
a69b,2022-09-10,12,-59.045200040712416,-53.00025298848101,
a69b,2022-09-10,24,-59.025516510009766,-52.98815536499024,25.75846078830957
a69b,2022-09-10,48,-58.98333740234375,-53.12174987792969,26.47446439176784
b50,2022-09-17,6,-57.85,-149.11,
b50,2022-09-17,12,-57.85,-149.11,
b50,2022-09-17,24,-57.82233810424805,-148.7696533203125,25.75846078830957
b50,2022-09-17,48,-57.803001403808594,-149.00949096679688,26.47446439176784
a69c,2022-09-21,6,-58.45547227281157,-49.27484910328553,
a69c,2022-09-21,12,-58.44627978367304,-49.1836457242498,
a69c,2022-09-21,24,-58.43708801269531,-49.22055435180664,25.75846078830957
a69c,2022-09-21,48,-58.425331115722656,-49.09413528442383,26.47446439176784
b42,2022-11-04,6,-61.0803842042397,-131.70617395395476,
b42,2022-11-04,12,-61.05922906435874,-131.6332453604765,
b42,2022-11-04,24,-61.02678298950195,-131.95700073242188,25.75846078830957
b42,2022-11-04,48,-60.963375091552734,-131.73028564453125,26.47446439176784
a64,2022-12-16,6,-59.98667895391925,-48.21632117822497,
a64,2022-12-16,12,-59.99345526925181,-48.197634704864925,
a64,2022-12-16,24,-59.99034881591797,-48.0343017578125,25.75846078830957
a64,2022-12-16,48,-59.99815368652344,-47.846954345703125,26.47446439176784
a80c,2022-12-30,6,-71.52000000000001,-60.339999999999975,
a80c,2022-12-30,12,-71.52000000000001,-60.339999999999975,
a80c,2022-12-30,24,-71.51864624023438,-60.34496688842773,25.75846078830957
a80c,2022-12-30,48,-71.517333984375,-60.35241317749024,26.47446439176784
b28,2022-12-30,6,-74.05,-110.12,
b28,2022-12-30,12,-74.05,-110.12,
b28,2022-12-30,24,-74.04865264892578,-110.12496948242188,25.75846078830957
b28,2022-12-30,48,-74.0473403930664,-110.13241577148438,26.47446439176784
a80b,2023-01-06,6,-71.73970013742814,-59.19089755587834,
a80b,2023-01-06,12,-71.75070018303246,-59.18669021836001,
a80b,2023-01-06,24,-71.72876739501953,-59.215293884277344,25.75846078830957
a80b,2023-01-06,48,-71.73365020751953,-59.31992721557617,26.47446439176784
a69a,2023-01-13,6,-60.06150000000001,-48.23360000000002,
a69a,2023-01-13,12,-60.06150000000001,-48.23360000000002,
a69a,2023-01-13,24,-60.048587799072266,-48.16149520874024,25.75846078830957
a69a,2023-01-13,48,-60.03002166748047,-48.13895034790039,26.47446439176784
c38a,2023-02-20,6,-65.22000000000001,101.15999999999995,
c38a,2023-02-20,12,-65.22000000000001,101.15999999999995,
c38a,2023-02-20,24,-65.2186508178711,101.15503692626952,25.75846078830957
c38a,2023-02-20,48,-65.21733856201172,101.14759063720705,26.47446439176784
c32,2023-03-07,6,-66.0693,132.77289999999994,
c32,2023-03-07,12,-66.0693,132.77289999999994,
c32,2023-03-07,24,-66.06794738769531,132.7679443359375,25.75846078830957
c32,2023-03-07,48,-66.06663513183594,132.76048278808594,26.47446439176784
c37,2023-04-01,6,-64.5977,98.68269999999995,
c37,2023-04-01,12,-64.5977,98.68269999999995,
c37,2023-04-01,24,-64.58975219726562,98.78671264648438,25.75846078830957
c37,2023-04-01,48,-64.58007049560547,98.7596206665039,26.47446439176784
d26,2023-05-18,6,-69.79762277730852,20.191703675138,
d26,2023-05-18,12,-69.79403091347776,19.836316410696668,
d26,2023-05-18,24,-69.78755187988281,19.43024444580078,25.75846078830957
d26,2023-05-18,48,-69.81433868408203,19.610183715820312,26.47446439176784
a76i,2023-05-28,6,-53.9522,-42.32330000000002,
a76i,2023-05-28,12,-53.9522,-42.32330000000002,
a76i,2023-05-28,24,-53.93279266357422,-42.39438629150391,25.75846078830957
a76i,2023-05-28,48,-53.91447830200195,-42.34812545776367,26.47446439176784
c40,2023-06-26,6,-66.4395,109.88750000000005,
c40,2023-06-26,12,-66.4395,109.88750000000005,
c40,2023-06-26,24,-66.43506622314453,108.71638488769533,25.75846078830957
c40,2023-06-26,48,-66.43461608886719,109.57964324951172,26.47446439176784
a70,2023-07-05,6,-60.32732991072057,-52.35482078999826,
a70,2023-07-05,12,-60.376022948359584,-52.28463242616488,
a70,2023-07-05,24,-60.35928726196289,-52.41750717163086,25.75846078830957
a70,2023-07-05,48,-60.39699172973633,-53.39503860473633,26.47446439176784
a76m,2023-08-04,6,-52.42762552982732,-38.113112445525246,
a76m,2023-08-04,12,-52.36524497890481,-38.0863008811038,
a76m,2023-08-04,24,-52.70370864868164,-38.05706787109375,25.75846078830957
a76m,2023-08-04,48,-52.61256790161133,-38.41862106323242,26.47446439176784
a76e,2023-08-18,6,-51.18999999999999,-40.75999999999999,
a76e,2023-08-18,12,-51.18999999999999,-40.75999999999999,
a76e,2023-08-18,24,-51.18865203857422,-40.76496505737305,25.75846078830957
a76e,2023-08-18,48,-51.18733978271485,-40.77241134643555,26.47446439176784
a76f,2023-08-25,6,-51.06660311770895,-36.943837141116376,
a76f,2023-08-25,12,-50.96320140923304,-36.96756802126146,
a76f,2023-08-25,24,-51.174346923828125,-38.34831619262695,25.75846078830957
a76f,2023-08-25,48,-51.26306915283203,-37.556373596191406,26.47446439176784
a74b,2023-08-25,6,-70.59,-55.13999999999999,
a74b,2023-08-25,12,-70.59,-55.13999999999999,
a74b,2023-08-25,24,-70.5886459350586,-55.14496612548828,25.75846078830957
a74b,2023-08-25,48,-70.58733367919922,-55.15241241455078,26.47446439176784
a76k,2023-08-25,6,-54.61,-38.73000000000002,
a76k,2023-08-25,12,-54.61,-38.73000000000002,
a76k,2023-08-25,24,-54.6086540222168,-38.73496627807617,25.75846078830957
a76k,2023-08-25,48,-54.60734176635742,-38.74241256713867,26.47446439176784
d29c,2023-08-25,6,-62.02000000000001,-42.0,
d29c,2023-08-25,12,-62.02000000000001,-42.0,
d29c,2023-08-25,24,-62.018653869628906,-42.00496673583984,25.75846078830957
d29c,2023-08-25,48,-62.01734161376953,-42.01241302490234,26.47446439176784
b46,2023-08-25,6,-65.61,-151.26,
b46,2023-08-25,12,-65.61,-151.26,
b46,2023-08-25,24,-65.60865020751953,-151.26495361328125,25.75846078830957
b46,2023-08-25,48,-65.60733795166016,-151.2724151611328,26.47446439176784
d28,2023-08-25,6,-61.16000000000001,-53.31,
d28,2023-08-25,12,-61.16000000000001,-53.31,
d28,2023-08-25,24,-61.158653259277344,-53.31496810913086,25.75846078830957
d28,2023-08-25,48,-61.15734100341797,-53.32241439819336,26.47446439176784
a76a,2023-08-25,6,-51.650000000000006,-37.72000000000003,
a76a,2023-08-25,12,-51.650000000000006,-37.72000000000003,
a76a,2023-08-25,24,-51.64865493774414,-37.72496795654297,25.75846078830957
a76a,2023-08-25,48,-51.647342681884766,-37.73241424560547,26.47446439176784
d29a,2023-08-25,6,-61.35,-29.920000000000016,
d29a,2023-08-25,12,-61.35,-29.920000000000016,
d29a,2023-08-25,24,-61.34865188598633,-29.92496681213379,25.75846078830957
d29a,2023-08-25,48,-61.34733963012695,-29.93241310119629,26.47446439176784
c38b,2023-08-25,6,-65.05760017755813,98.6584793034607,
c38b,2023-08-25,12,-65.055200339686,98.65695888080108,
c38b,2023-08-25,24,-65.05691528320312,98.19761657714844,25.75846078830957
c38b,2023-08-25,48,-65.04670715332031,98.02963256835938,26.47446439176784
b39,2023-08-25,6,-73.45999999999998,-54.55000000000001,
b39,2023-08-25,12,-73.45999999999998,-54.55000000000001,
b39,2023-08-25,24,-73.45864868164062,-54.55496597290039,25.75846078830957
b39,2023-08-25,48,-73.45733642578125,-54.56241226196289,26.47446439176784
d29b,2023-08-25,6,-60.900000000000006,-54.80000000000001,
d29b,2023-08-25,12,-60.900000000000006,-54.80000000000001,
d29b,2023-08-25,24,-60.89865493774414,-54.80496597290039,25.75846078830957
d29b,2023-08-25,48,-60.897342681884766,-54.81241226196289,26.47446439176784
a76l,2023-08-25,6,-51.75,-38.48000000000002,
a76l,2023-08-25,12,-51.75,-38.48000000000002,
a76l,2023-08-25,24,-51.748653411865234,-38.48496627807617,25.75846078830957
a76l,2023-08-25,48,-51.74734115600586,-38.49241256713867,26.47446439176784
a78,2023-08-25,6,-63.35,-39.05000000000001,
a78,2023-08-25,12,-63.35,-39.05000000000001,
a78,2023-08-25,24,-63.34865188598633,-39.05496597290039,25.75846078830957
a78,2023-08-25,48,-63.34733963012695,-39.06241226196289,26.47446439176784
d31,2023-08-25,6,-62.45000000000001,-45.89999999999998,
d31,2023-08-25,12,-62.45000000000001,-45.89999999999998,
d31,2023-08-25,24,-62.44865417480469,-45.90496826171875,25.75846078830957
d31,2023-08-25,48,-62.44734191894531,-45.91241455078125,26.47446439176784
a76g,2023-08-25,6,-54.25,-40.49000000000001,
a76g,2023-08-25,12,-54.25,-40.49000000000001,
a76g,2023-08-25,24,-54.248653411865234,-40.49496841430664,25.75846078830957
a76g,2023-08-25,48,-54.24734115600586,-40.50241470336914,26.47446439176784
d20a,2023-08-25,6,-66.38,-52.14999999999998,
d20a,2023-08-25,12,-66.38,-52.14999999999998,
d20a,2023-08-25,24,-66.37864685058594,-52.15496826171875,25.75846078830957
d20a,2023-08-25,48,-66.37733459472656,-52.16241455078125,26.47446439176784
b38,2023-08-25,6,-76.84,-155.26999999999998,
b38,2023-08-25,12,-76.84,-155.26999999999998,
b38,2023-08-25,24,-76.8386459350586,-155.27496337890625,25.75846078830957
b38,2023-08-25,48,-76.83733367919922,-155.2824249267578,26.47446439176784
a76h,2023-08-25,6,-52.84,-38.19999999999999,
a76h,2023-08-25,12,-52.84,-38.19999999999999,
a76h,2023-08-25,24,-52.838653564453125,-38.2049674987793,25.75846078830957
a76h,2023-08-25,48,-52.83734130859375,-38.2124137878418,26.47446439176784
a80d,2023-08-25,6,-66.63000000000001,-58.110000000000014,
a80d,2023-08-25,12,-66.63000000000001,-58.110000000000014,
a80d,2023-08-25,24,-66.62864685058594,-58.114967346191406,25.75846078830957
a80d,2023-08-25,48,-66.62733459472656,-58.12241363525391,26.47446439176784
a76d,2023-08-25,6,-52.870000000000005,-37.01999999999998,
a76d,2023-08-25,12,-52.870000000000005,-37.01999999999998,
a76d,2023-08-25,24,-52.86865234375,-37.02496719360352,25.75846078830957
a76d,2023-08-25,48,-52.86734008789063,-37.032413482666016,26.47446439176784
a76j,2023-08-25,6,-51.4,-39.38999999999999,
a76j,2023-08-25,12,-51.4,-39.38999999999999,
a76j,2023-08-25,24,-51.39865493774414,-39.39496612548828,25.75846078830957
a76j,2023-08-25,48,-51.397342681884766,-39.40241241455078,26.47446439176784
d27,2023-08-25,6,-73.35,-41.84000000000003,
d27,2023-08-25,12,-73.35,-41.84000000000003,
d27,2023-08-25,24,-73.34864807128906,-41.84496688842773,25.75846078830957
d27,2023-08-25,48,-73.34733581542969,-41.85241317749024,26.47446439176784
d30a,2023-08-25,6,-61.94000000000001,-54.56,
d30a,2023-08-25,12,-61.94000000000001,-54.56,
d30a,2023-08-25,24,-61.93865203857422,-54.56496810913086,25.75846078830957
d30a,2023-08-25,48,-61.93733978271485,-54.57241439819336,26.47446439176784
a76b,2023-08-25,6,-65.57,-59.40999999999997,
a76b,2023-08-25,12,-65.57,-59.40999999999997,
a76b,2023-08-25,24,-65.56864929199219,-59.41496658325195,25.75846078830957
a76b,2023-08-25,48,-65.56733703613281,-59.42241287231445,26.47446439176784
b45,2025-03-06,6,-72.76000214162697,-121.78699999863488,
b45,2025-03-06,12,-72.76000285550272,-121.80399999999996,
b45,2025-03-06,24,-72.75874328613281,-121.5757064819336,25.75846078830957
b45,2025-03-06,48,-72.75736236572266,-121.44134521484376,26.47446439176784
d30b,2025-04-20,6,-60.5924128201137,-45.64970018292615,
d30b,2025-04-20,12,-60.59072554879223,-45.64620073152889,
d30b,2025-04-20,24,-60.59136199951172,-44.10261535644531,25.75846078830957
d30b,2025-04-20,48,-60.58579635620117,-45.6315803527832,26.47446439176784
a82,2025-04-21,6,-68.822,-90.75220000000002,
a82,2025-04-21,12,-68.822,-90.75220000000002,
a82,2025-04-21,24,-68.82064819335938,-90.75716400146484,25.75846078830957
a82,2025-04-21,48,-68.8193359375,-90.76461029052734,26.47446439176784
d15a,2025-04-21,6,-66.6696,81.78690000000006,
d15a,2025-04-21,12,-66.6696,81.78690000000006,
d15a,2025-04-21,24,-66.66999053955078,81.85966491699219,25.75846078830957
d15a,2025-04-21,48,-66.66831970214844,81.6831283569336,26.47446439176784
d36,2025-04-21,6,-66.3,86.63,
d36,2025-04-21,12,-66.3,86.63,
d36,2025-04-21,24,-66.29865264892578,86.62503051757812,25.75846078830957
d36,2025-04-21,48,-66.2973403930664,86.61758422851562,26.47446439176784
d15b,2025-04-22,6,-66.98,81.46000000000004,
d15b,2025-04-22,12,-66.98,81.46000000000004,
d15b,2025-04-22,24,-66.97865295410156,81.45503234863281,25.75846078830957
d15b,2025-04-22,48,-66.97734069824219,81.44758605957031,26.47446439176784
a84,2025-04-22,6,-72.33354204757275,-91.57149450767469,
a84,2025-04-22,12,-72.3506726894196,-91.6190782992665,
a84,2025-04-22,24,-72.36297607421875,-91.52490997314452,25.75846078830957
a84,2025-04-22,48,-72.40122985839844,-91.7012176513672,26.47446439176784
b22f,2025-04-22,6,-75.80565746176941,-158.1223289304216,
b22f,2025-04-22,12,-75.80730994696931,-158.15696577090932,
b22f,2025-04-22,24,-75.80867767333984,-158.09925842285156,25.75846078830957
b22f,2025-04-22,48,-75.81507110595703,-158.09640502929688,26.47446439176784
a80a,2025-04-22,6,-61.7149080205433,-52.83552467289224,
a80a,2025-04-22,12,-61.688560915317694,-52.74859788457553,
a80a,2025-04-22,24,-61.65994644165039,-52.57229995727539,25.75846078830957
a80a,2025-04-22,48,-61.58894348144531,-52.32244491577149,26.47446439176784
b22g,2025-04-22,6,-75.15481572627792,-155.7046483445067,
b22g,2025-04-22,12,-75.15432096963794,-155.7538935142254,
b22g,2025-04-22,24,-75.1545181274414,-155.6941680908203,25.75846078830957
b22g,2025-04-22,48,-75.15489959716797,-155.73899841308594,26.47446439176784
d33b,2025-04-22,6,-76.12877500320216,-43.41167534457799,
d33b,2025-04-22,12,-76.1220500042733,-43.41095137769668,
d33b,2025-04-22,24,-76.1172866821289,-43.360294342041016,25.75846078830957
d33b,2025-04-22,48,-76.0963134765625,-43.33714294433594,26.47446439176784
c30,2025-04-22,6,-64.78000000000002,96.27999999999996,
c30,2025-04-22,12,-64.78000000000002,96.27999999999996,
c30,2025-04-22,24,-64.77864837646484,96.27503204345705,25.75846078830957
c30,2025-04-22,48,-64.77733612060547,96.26758575439452,26.47446439176784
a85,2025-04-22,6,-75.47102743621411,-54.26117634913419,
a85,2025-04-22,12,-75.4720532478767,-54.28075540544933,
a85,2025-04-22,24,-75.47122192382812,-54.2515754699707,25.75846078830957
a85,2025-04-22,48,-75.47309875488281,-54.31692886352539,26.47446439176784
b22a,2025-04-22,6,-76.14000104889321,-160.56802499935077,
b22a,2025-04-22,12,-76.14000139852432,-160.58114999999998,
b22a,2025-04-22,24,-76.13899993896484,-160.5132293701172,25.75846078830957
b22a,2025-04-22,48,-76.1383056640625,-160.6258087158203,26.47446439176784
d33a,2025-04-22,6,-69.26205181022381,-57.1122506986041,
d33a,2025-04-22,12,-69.26310241339799,-57.12670279774784,
d33a,2025-04-22,24,-69.26245880126953,-57.058929443359375,25.75846078830957
d33a,2025-04-22,48,-69.26428985595703,-57.19789505004883,26.47446439176784
c31,2025-04-22,6,-64.67999999999999,96.49,
c31,2025-04-22,12,-64.67999999999999,96.49,
c31,2025-04-22,24,-64.67864990234375,96.48503112792967,25.75846078830957
c31,2025-04-22,48,-64.67733764648438,96.4775848388672,26.47446439176784
c18b,2025-04-22,6,-67.15400005395504,78.19800011931011,
c18b,2025-04-22,12,-67.1528000719475,78.19560047720665,
c18b,2025-04-22,24,-67.14974975585938,78.14828491210938,25.75846078830957
c18b,2025-04-22,48,-67.14480590820312,78.27268981933594,26.47446439176784
a81,2025-04-22,6,-68.53650020755022,-58.29412485004229,
a81,2025-04-22,12,-68.53580027675106,-58.29894940030351,
a81,2025-04-22,24,-68.53264617919922,-58.300052642822266,25.75846078830957
a81,2025-04-22,48,-68.52801513671875,-58.19308471679688,26.47446439176784
c29,2025-04-22,6,-65.11240000039987,129.53350015419585,
c29,2025-04-22,12,-65.09190000053407,129.53330061641032,
c29,2025-04-22,24,-65.11356353759766,129.13400268554688,25.75846078830957
c29,2025-04-22,48,-65.10137939453125,131.01646423339844,26.47446439176784
b29,2025-04-22,6,-73.82,-110.51,
b29,2025-04-22,12,-73.82,-110.51,
b29,2025-04-22,24,-73.81864929199219,-110.51496887207033,25.75846078830957
b29,2025-04-22,48,-73.81733703613281,-110.5224151611328,26.47446439176784
d34,2025-04-22,6,-67.17,82.03999999999996,
d34,2025-04-22,12,-67.17,82.03999999999996,
d34,2025-04-22,24,-67.16864776611328,82.0350341796875,25.75846078830957
d34,2025-04-22,48,-67.1673355102539,82.027587890625,26.47446439176784
c39,2025-04-22,6,-64.3087750626614,97.96422606158012,
c39,2025-04-22,12,-64.29695008362751,97.9617542449057,
c39,2025-04-22,24,-64.28227996826172,97.74246978759766,25.75846078830957
c39,2025-04-22,48,-64.25357818603516,97.75988006591795,26.47446439176784
b15ab,2025-04-22,6,-65.90367519106067,-54.3674758504124,
b15ab,2025-04-22,12,-65.89875025485195,-54.363053401038655,
b15ab,2025-04-22,24,-65.89143371582031,-54.32672500610352,25.75846078830957
b15ab,2025-04-22,48,-65.8784408569336,-54.27295303344727,26.47446439176784
d32,2025-04-22,6,-71.65362338217165,-15.169348576889092,
d32,2025-04-22,12,-71.68459690861525,-15.339151199767798,
d32,2025-04-22,24,-71.72265625,-15.468647956848145,25.75846078830957
d32,2025-04-22,48,-71.81525421142578,-15.889819145202637,26.47446439176784
d35,2025-04-22,6,-74.155425032526,-31.043925732264995,
d35,2025-04-22,12,-74.14995004339502,-31.041752928141875,
d35,2025-04-22,24,-74.14347839355469,-30.994272232055664,25.75846078830957
d35,2025-04-22,48,-74.12712097167969,-30.94156265258789,26.47446439176784
d23,2025-04-22,6,-69.43,74.71000000000004,
d23,2025-04-22,12,-69.43,74.71000000000004,
d23,2025-04-22,24,-69.42864990234375,74.70503234863281,25.75846078830957
d23,2025-04-22,48,-69.42733764648438,74.69758605957031,26.47446439176784
c21b,2025-04-22,6,-64.98,95.84000000000005,
c21b,2025-04-22,12,-64.98,95.84000000000005,
c21b,2025-04-22,24,-64.97865295410156,95.83502960205078,25.75846078830957
c21b,2025-04-22,48,-64.97734069824219,95.82758331298828,26.47446439176784
c35,2025-04-22,6,-66.34,142.85000000000002,
c35,2025-04-22,12,-66.34,142.85000000000002,
c35,2025-04-22,24,-66.3386459350586,142.8450469970703,25.75846078830957
c35,2025-04-22,48,-66.33733367919922,142.83758544921875,26.47446439176784
a83,2025-04-22,6,-76.824762010868,-40.06403513832481,
a83,2025-04-22,12,-76.81301603962858,-40.109390793703085,
a83,2025-04-22,24,-76.79436492919922,-40.12780380249024,25.75846078830957
a83,2025-04-22,48,-76.76737213134766,-39.31306457519531,26.47446439176784
d33c,2025-04-22,6,-69.66515180596615,-58.31364873154371,
d33c,2025-04-22,12,-69.66330240837172,-58.32819492985578,
d33c,2025-04-22,24,-69.65875244140625,-58.31839370727539,25.75846078830957
d33c,2025-04-22,48,-69.65324401855469,-58.387508392333984,26.47446439176784
a76c,2025-04-22,6,-60.95728104608335,-49.34397971275894,
a76c,2025-04-22,12,-60.950858065326784,-49.32066883658371,
a76c,2025-04-22,24,-60.939720153808594,-49.48643112182617,25.75846078830957
a76c,2025-04-22,48,-60.93465042114258,-49.06897735595703,26.47446439176784
b09g,2025-04-22,6,-68.19800011699955,41.69199990576647,
b09g,2025-04-22,12,-68.19860015599104,41.68839962300865,
b09g,2025-04-22,24,-68.2016372680664,41.65217590332031,25.75846078830957
b09g,2025-04-22,48,-68.20342254638672,41.71818923950195,26.47446439176784
a74a,2025-04-22,6,-61.46688019899305,-52.12286021061993,
a74a,2025-04-22,12,-61.4522569396482,-52.10114081930078,
a74a,2025-04-22,24,-61.43761444091797,-52.24877548217773,25.75846078830957
a74a,2025-04-22,48,-61.397727966308594,-52.91576766967773,26.47446439176784
c24,2025-04-22,6,-64.84,96.01999999999998,
c24,2025-04-22,12,-64.84,96.01999999999998,
c24,2025-04-22,24,-64.8386459350586,96.01502990722656,25.75846078830957
c24,2025-04-22,48,-64.83733367919922,96.00758361816406,26.47446439176784
d37,2025-04-22,6,-69.22,36.34000000000003,
d37,2025-04-22,12,-69.22,36.34000000000003,
d37,2025-04-22,24,-69.2186508178711,36.33503341674805,25.75846078830957
d37,2025-04-22,48,-69.21733856201172,36.32758712768555,26.47446439176784
a77,2025-04-22,6,-64.35895475338802,-55.28011743095465,
a77,2025-04-22,12,-64.36860633294403,-55.258519705694425,
a77,2025-04-22,24,-64.36817169189453,-55.315895080566406,25.75846078830957
a77,2025-04-22,48,-64.38040924072266,-55.27102279663086,26.47446439176784
c33,2025-04-22,6,-65.26800000300936,101.25665001250388,
c33,2025-04-22,12,-65.26860000401226,101.25720005001676,
c33,2025-04-22,24,-65.27330780029297,101.27056884765624,25.75846078830957
c33,2025-04-22,48,-65.27696228027344,101.0919418334961,26.47446439176784
a23a,2025-04-22,6,-54.8,-39.05000000000001,
a23a,2025-04-22,12,-54.8,-39.05000000000001,
a23a,2025-04-22,24,-54.79865264892578,-39.05496597290039,25.75846078830957
a23a,2025-04-22,48,-54.797340393066406,-39.06241226196289,26.47446439176784
c15,2025-04-22,6,-65.87000000000002,143.04999999999995,
c15,2025-04-22,12,-65.87000000000002,143.04999999999995,
c15,2025-04-22,24,-65.86865234375,143.0450439453125,25.75846078830957
c15,2025-04-22,48,-65.86734008789062,143.03758239746094,26.47446439176784
c36,2025-04-22,6,-67.9,147.47000000000003,
c36,2025-04-22,12,-67.9,147.47000000000003,
c36,2025-04-22,24,-67.89865112304688,147.4650421142578,25.75846078830957
c36,2025-04-22,48,-67.8973388671875,147.45758056640625,26.47446439176784
uk324,2025-04-22,6,-67.2117,149.13249999999994,
uk324,2025-04-22,12,-67.2117,149.13249999999994,
uk324,2025-04-22,24,-67.2103500366211,149.12754821777344,25.75846078830957
uk324,2025-04-22,48,-67.20903778076172,149.12008666992188,26.47446439176784
b47,2025-04-22,6,-72.51440349133463,-172.4650440470548,
b47,2025-04-22,12,-72.48850466775446,-172.48652635915482,
b47,2025-04-22,24,-72.49560546875,-172.70913696289062,25.75846078830957
b47,2025-04-22,48,-72.46285247802734,-173.1842041015625,26.47446439176784
b09b,2025-04-22,6,-66.11,143.28999999999996,
b09b,2025-04-22,12,-66.11,143.28999999999996,
b09b,2025-04-22,24,-66.10865020751953,143.2850341796875,25.75846078830957
b09b,2025-04-22,48,-66.10733795166016,143.27757263183594,26.47446439176784
